,pa,ID,set,lon,lat
1,1,1,0,-72.4328,43.8553
2,1,2,0,-84.8983,37.5397
3,1,3,0,-72.2813,44.3623
4,1,4,0,-78.8702,42.444
5,1,5,0,-79.4602,39.9112
6,1,6,0,-72.5248,43.6335
7,1,7,0,-95.3537,45.988
8,1,8,0,-74.6919,40.3453
9,1,9,0,-79.5577,40.7045
10,1,10,0,-72.4063,44.3395
11,1,11,0,-81.2959,41.3547
12,1,12,0,-72.9002,43.9361
13,1,13,0,-71.9624,42.859
14,1,14,0,-89.6258,39.6908
15,1,15,0,-92.0864,46.8301
16,1,16,0,-80.2084,41.4274
17,1,17,0,-81.3689,41.0674
18,1,18,0,-81.8274,36.1215
19,1,19,0,-85.8122,34.9772
20,1,20,0,-74.6854,42.6096
21,1,21,0,-73.0538,44.1943
22,1,22,0,-74.4413,40.5181
23,1,23,0,-74.9315,40.3722
24,1,24,0,-86.3801,39.1498
25,1,25,0,-88.0296,41.5344
26,1,26,0,-74.5767,40.874
27,1,27,0,-89.4635,43.1164
28,1,28,0,-73.9004,41.6726
29,1,29,0,-81.63,41.3879
30,1,30,0,-85.5053,43.7969
31,1,31,0,-84.3863,45.9915
32,1,32,0,-72.5021,44.3511
33,1,33,0,-73.778,42.2666
34,1,34,1,-74.4254,40.4735
35,1,35,0,-72.326,44.4645
36,1,36,0,-87.2148,46.3623
37,1,37,0,-72.2485,43.6743
38,1,38,0,-72.9357,44.2127
39,1,39,0,-72.6921,44.3203
40,1,40,0,-79.234,42.3669
41,1,41,0,-74.5559,40.589
42,1,42,0,-72.8826,43.1292
43,1,43,0,-72.7519,44.4653
44,1,44,0,-73.1057,44.4366
45,1,45,1,-85.7631,38.2558
46,1,46,0,-75.4792,40.5443
47,1,47,0,-95.6528,46.9579
48,1,48,0,-89.7485,43.4133
49,1,49,0,-73.1407,44.1592
50,1,50,0,-81.5566,36.3942
51,1,51,0,-77.8132,42.8584
52,1,52,0,-77.2558,38.9993
53,1,53,0,-90.8202,46.8083
54,1,54,0,-72.25,43.807
55,1,55,0,-95.5244,39.6733
56,1,56,0,-93.3117,46.6081
57,1,57,0,-85.1852,41.0788
58,1,58,0,-72.4932,43.6397
59,1,59,0,-75.4206,42.1808
60,1,60,0,-80.0852,40.5199
61,1,61,1,-90.3022,38.6058
62,1,62,0,-78.019,38.4703
63,1,63,0,-72.7154,43.537
64,1,64,0,-73.5998,41.176
65,1,65,0,-74.124,41.744
66,1,66,0,-93.5282,45.034
67,1,67,0,-81.3266,41.5755
68,1,68,0,-73.2382,44.5531
69,1,69,0,-92.1776,35.9728
70,1,70,0,-72.2913,44.6011
71,1,71,0,-73.2327,43.3411
72,1,72,0,-76.7376,42.9691
73,1,73,1,-81.8543,41.4402
74,1,74,0,-80.0433,38.0448
75,1,75,0,-80.2714,37.9071
76,1,76,0,-81.4563,41.1439
77,1,77,0,-69.6571,44.5632
78,1,78,0,-89.2026,37.6244
79,1,79,0,-72.1365,43.5942
80,1,80,0,-68.5941,47.2491
81,1,81,0,-87.6363,46.4926
82,1,82,0,-81.9929,39.3317
83,1,83,0,-71.3322,42.4391
84,1,84,0,-73.8194,40.8482
85,1,85,1,-83.7329,42.2735
86,1,86,0,-94.4142,45.8032
87,1,87,0,-83.2607,36.2865
88,1,88,0,-72.4421,43.1195
89,1,89,0,-73.801,41.032
90,1,90,1,-70.7841,44.4032
91,1,91,0,-74.718,41.2194
92,1,92,0,-91.1523,47.4179
93,1,93,0,-91.8384,43.3472
94,1,94,0,-83.3813,35.6936
95,1,95,0,-73.8372,41.4529
96,1,96,0,-73.0709,44.4177
97,1,97,0,-88.0423,43.0328
98,1,98,0,-74.4604,41.222
99,1,99,0,-74.6428,40.4419
100,1,100,0,-93.3618,36.1682
101,1,101,0,-73.9474,41.4159
102,1,102,0,-79.321,42.3832
103,1,103,0,-84.2974,39.1402
104,1,104,0,-86.0521,44.619
105,1,105,0,-83.5353,35.6599
106,1,106,1,-93.1722,44.462
107,1,107,0,-90.1886,38.1562
108,1,108,0,-71.7013,43.9426
109,1,109,0,-81.9269,40.7923
110,1,110,0,-74.698,40.473
111,1,111,0,-91.2758,47.3407
112,1,112,0,-72.5034,44.2105
113,1,113,0,-81.5384,41.2559
114,1,114,0,-69.0725,44.1972
115,1,115,0,-73.4366,42.1245
116,1,116,0,-73.2031,44.6666
117,1,117,0,-85.7535,44.219
118,1,118,0,-72.5853,41.3674
119,1,119,0,-73.1026,43.9699
120,1,120,0,-73.7391,43.6313
121,1,121,0,-81.8603,41.3704
122,1,122,0,-84.2878,36.2156
123,1,123,0,-88.2548,44.2675
124,1,124,0,-72.5946,44.1599
125,1,125,0,-87.0411,46.3986
126,1,126,0,-72.4725,44.4057
127,1,127,0,-84.8041,37.0014
128,1,128,0,-76.7441,39.2264
129,1,129,0,-89.583,42.9466
130,1,130,0,-73.7228,44.2269
131,1,131,0,-70.5696,44.5106
132,1,132,0,-73.0458,43.1539
133,1,133,0,-93.1054,44.3456
134,1,134,1,-94.175,36.0714
135,1,135,0,-79.9784,39.6464
136,1,136,0,-70.4541,43.6846
137,1,137,1,-72.2828,42.9401
138,1,138,0,-72.0349,44.7337
139,1,139,0,-72.4141,44.0951
140,1,140,0,-87.9098,41.8286
141,1,141,1,-94.3903,45.5815
142,1,142,0,-87.1086,45.2559
143,1,143,0,-87.3035,36.5606
144,1,144,0,-84.5172,39.1395
145,1,145,0,-92.663,45.3851
146,1,146,0,-72.6405,43.1655
147,1,147,0,-85.8962,42.6317
148,1,148,0,-81.4869,41.5032
149,1,149,0,-74.7945,44.154
150,1,150,1,-77.0716,38.945
151,1,151,0,-75.7799,42.7703
152,1,152,0,-72.4779,41.685
153,1,153,0,-83.7041,37.7922
154,1,154,0,-80.279,37.4271
155,1,155,0,-92.2353,38.5885
156,1,156,0,-86.0205,46.6579
157,1,157,0,-88.0537,36.784
158,1,158,0,-85.7427,40.0071
159,1,159,0,-89.8543,43.029
160,1,160,0,-85.912,44.9054
161,1,161,0,-92.1542,46.3007
162,1,162,0,-87.9521,41.5747
163,1,163,0,-72.3297,43.6875
164,1,164,0,-83.4918,42.7165
165,1,165,0,-84.6141,45.5006
166,1,166,0,-88.4758,41.6392
167,1,167,0,-90.6657,36.0441
168,1,168,0,-84.7409,39.2861
169,1,169,0,-71.5821,43.6695
170,1,170,0,-73.0738,45.0156
171,1,171,0,-72.1611,43.8959
172,1,172,0,-84.6635,45.0161
173,1,173,0,-86.2136,42.6617
174,1,174,0,-88.971,41.3106
175,1,175,0,-70.6755,44.5575
176,1,176,0,-89.6758,45.8406
177,1,177,0,-83.7649,42.2997
178,1,178,0,-87.8284,42.3872
179,1,179,0,-72.3796,44.3692
180,1,180,0,-73.2331,42.5747
181,1,181,0,-72.5651,44.0617
182,1,182,0,-72.4994,43.3634
183,1,183,0,-72.4834,44.7317
184,1,184,0,-92.2253,46.7025
185,1,185,0,-91.1893,47.3872
186,1,186,0,-71.5587,42.4975
187,1,187,0,-76.1285,39.598
188,1,188,0,-68.8967,44.3585
189,1,189,0,-72.6037,44.2285
190,1,190,0,-80.8811,41.7063
191,1,191,0,-90.4221,38.5484
192,1,192,0,-95.9312,46.5349
193,1,193,0,-72.3005,44.2915
194,1,194,0,-92.6352,45.4064
195,1,195,0,-75.2175,41.0588
196,1,196,0,-81.5422,41.3786
197,1,197,0,-87.5121,37.9834
198,1,198,1,-80.6694,41.0143
199,1,199,0,-79.144,39.6963
200,1,200,0,-73.3465,44.6647
201,1,201,0,-73.2049,43.4815
202,1,202,0,-73.0489,43.6128
203,1,203,1,-72.5468,43.8161
204,1,204,0,-82.5297,36.1242
205,1,205,0,-73.6877,41.0981
206,1,206,0,-73.1494,44.0177
207,1,207,0,-81.6831,36.3291
208,1,208,0,-93.3397,44.7096
209,1,209,0,-72.4733,44.1442
210,1,210,0,-71.2435,42.4116
211,1,211,0,-75.6286,41.2987
212,1,212,0,-76.5622,42.3984
213,1,213,0,-85.3659,35.1209
214,1,214,0,-72.7994,44.4703
215,1,215,0,-73.1475,44.2711
216,1,216,0,-74.8639,44.0948
217,1,217,0,-87.7084,37.9646
218,1,218,0,-76.5882,39.4186
219,1,219,0,-87.244,44.9299
220,1,220,0,-87.753,41.3906
221,1,221,0,-85.2228,35.1159
222,1,222,0,-79.4274,42.4198
223,1,223,0,-83.6698,42.5395
224,1,224,0,-75.8547,40.2456
225,1,225,0,-71.5862,44.0771
226,1,226,0,-72.5706,42.8601
227,1,227,0,-72.1725,43.7944
228,1,228,0,-72.9178,43.5327
229,1,229,0,-73.2854,44.0477
230,1,230,0,-77.7864,38.8515
231,1,231,0,-71.6787,44.0989
232,1,232,0,-72.4101,44.2715
233,1,233,1,-84.2486,42.1648
234,1,234,1,-72.4632,43.2758
235,1,235,0,-73.5829,41.7733
236,1,236,0,-87.8223,42.2561
237,1,237,0,-89.1256,40.3626
238,1,238,0,-77.6725,39.6323
239,1,239,1,-72.4055,43.3998
240,1,240,0,-72.5161,44.427
241,1,241,0,-75.0257,42.039
242,1,242,0,-90.0555,43.2062
243,1,243,0,-72.6719,44.4013
244,1,244,0,-98.7197,34.7233
245,1,245,0,-78.8185,42.0701
246,1,246,0,-85.5814,45.1559
247,1,247,0,-72.6304,44.6035
248,1,248,0,-89.9373,46.2179
249,1,249,0,-82.39,37.4547
250,1,250,0,-77.6044,42.6551
251,1,251,0,-86.6251,41.8398
252,1,252,0,-74.6071,40.5719
253,1,253,0,-83.4201,36.207
254,1,254,0,-90.241,47.8047
255,1,255,1,-74.2873,40.9872
256,1,256,0,-84.3575,30.4793
257,1,257,0,-73.4289,40.8276
258,1,258,0,-111.8231,41.7348
259,1,259,0,-84.1715,33.6269
260,1,260,0,-81.4513,41.2267
261,1,261,0,-74.3754,40.6915
262,1,262,0,-72.9389,43.3427
263,1,263,0,-88.0212,41.789
264,1,264,0,-84.4115,39.137
265,1,265,0,-73.2269,44.1389
266,1,266,0,-73.7256,41.7815
267,1,267,0,-85.2517,46.5759
268,1,268,0,-88.0438,41.8173
269,1,269,0,-95.6177,45.7941
270,1,270,0,-72.3787,43.4981
271,1,271,0,-77.124,38.9459
272,1,272,0,-87.7954,42.0342
273,1,273,0,-72.9221,41.4762
274,1,274,1,-72.6305,43.8277
275,1,275,0,-73.8951,42.6116
276,1,276,0,-89.6093,46.2617
277,1,277,0,-84.2279,37.5677
278,1,278,0,-88.0329,43.7325
279,1,279,0,-80.0209,42.1299
280,1,280,1,-71.2356,42.3765
281,1,281,0,-91.1058,46.2095
282,1,282,0,-76.093,42.9974
283,1,283,0,-91.2378,38.0511
284,1,284,0,-74.4379,40.7751
285,1,285,0,-75.7594,42.6806
286,1,286,0,-81.8132,38.368
287,1,287,0,-82.7437,36.7027
288,1,288,0,-72.2489,44.247
289,1,289,0,-72.6235,43.2056
290,1,290,0,-73.9035,44.3808
291,1,291,0,-71.6896,43.4104
292,1,292,0,-82.9749,40.1914
293,1,293,0,-71.5605,42.6262
294,1,294,0,-73.0372,42.885
295,1,295,0,-74.2771,40.437
296,1,296,0,-89.0262,37.3546
297,1,297,0,-79.9373,42.1938
298,1,298,0,-86.0053,44.7866
299,1,299,0,-84.4869,45.3559
300,1,300,0,-72.4515,41.704
301,1,301,0,-86.1554,39.9322
302,1,302,0,-86.6614,46.4663
303,1,303,0,-94.5595,46.1519
304,1,304,0,-81.3049,41.608
305,1,305,0,-86.1508,42.9155
306,1,306,0,-85.8322,42.9786
307,1,307,0,-84.3724,33.788
308,1,308,0,-90.2783,36.8942
309,1,309,0,-72.7895,44.2194
310,1,310,0,-85.0681,36.3969
311,1,311,0,-81.561,41.1368
312,1,312,0,-74.5778,40.6001
313,1,313,0,-93.1678,45.039
314,1,314,0,-73.225,41.3378
315,1,315,0,-72.7847,41.3171
316,1,316,0,-86.4783,39.1738
317,1,317,1,-85.616,42.2832
318,1,318,1,-77.0429,39.0239
319,1,319,0,-77.9109,40.6685
320,1,320,0,-78.7367,41.954
321,1,321,0,-72.8709,43.6167
322,1,322,1,-75.2072,40.0221
323,1,323,0,-74.6128,41.0589
324,1,324,0,-78.1583,42.436
325,1,325,0,-76.2924,43.0655
326,1,326,0,-84.4327,40.138
327,1,327,0,-79.3879,39.6876
328,1,328,0,-92.0011,43.7624
329,1,329,0,-75.08,41
330,1,330,0,-73.9109,41.3896
331,1,331,0,-90.6779,38.1239
332,1,332,0,-74.1178,41.8006
333,1,333,0,-105.0996,39.8217
334,1,334,0,-74.7425,41.017
335,1,335,0,-94.9644,39.3938
336,1,336,0,-83.13,38.36
337,1,337,0,-95.1216,39.5993
338,1,338,0,-94.7004,38.264
339,1,339,0,-95.031,39.8631
340,1,340,0,-94.7899,38.4223
341,1,341,0,-93.8369,36.5586
342,1,342,0,-94.6508,38.396
343,1,343,0,-94.66,38.4063
344,1,344,0,-98.6732,34.7
345,1,345,0,-84.775,46.0978
346,1,346,0,-92.4834,42.7185
347,1,347,0,-94.7318,37.6556
348,1,348,0,-94.6558,37.0401
349,1,349,0,-94.8739,38.1411
350,1,350,0,-90.8536,38.8035
351,1,351,0,-94.5186,38.9911
352,1,352,0,-95.1014,39.5982
353,1,353,0,-95.1864,38.8108
354,1,354,0,-95.0264,38.8979
355,1,355,0,-94.947,38.2352
356,1,356,0,-77.6173,43.0024
357,1,357,0,-81.6481,41.1943
358,1,358,0,-89.417,43.0883
359,1,359,0,-89.7436,46.1961
360,1,360,0,-77.47,39.6284
361,1,361,0,-87.5652,46.5219
362,1,362,0,-73.0067,44.3518
363,1,363,0,-78.1327,40.3838
364,1,364,0,-82.1089,36.1056
365,1,365,1,-85.5947,38.3005
366,1,366,0,-74.8319,44.2059
367,1,367,0,-71.7386,44.5324
368,1,368,0,-76.6402,42.2941
369,1,369,0,-73.0617,43.7669
370,1,370,0,-72.1624,42.9181
371,1,371,0,-72.3256,42.4727
372,1,372,0,-87.7775,41.9984
373,1,373,0,-72.2612,43.7127
374,1,374,0,-94.3991,45.5673
375,1,375,0,-81.2534,41.0997
376,1,376,0,-68.2912,44.3259
377,1,377,0,-73.9201,43.052
378,1,378,0,-74.8535,41.0595
379,1,379,0,-90.1606,45.3673
380,1,380,0,-72.5058,41.7947
381,1,381,0,-76.9114,42.7241
382,1,382,0,-73.022,44.6034
383,1,383,0,-84.4726,42.717
384,1,384,0,-88.6574,46.5698
385,1,385,0,-72.1205,44.3769
386,1,386,0,-86.3076,34.7708
387,1,387,0,-80.0117,39.9585
388,1,388,0,-72.4665,42.8851
389,1,389,1,-88.7504,41.9295
390,1,390,0,-87.6432,41.9631
391,1,391,0,-89.1562,42.0357
392,1,392,0,-87.8526,41.9766
393,1,393,0,-86.86,33.93
394,1,394,0,-87.46,33
395,1,395,0,-87.44,34.33
396,1,396,0,-87.98,34.67
397,1,397,0,-86.99,33.7
398,1,398,0,-85.62,34.39
399,1,399,0,-94.2858,34.5077
400,1,400,0,-92.8192,43.7396
401,1,401,1,-73.9099,40.7074
402,1,402,0,-73.7954,41.8599
403,1,403,0,-90.6381,43.5811
404,1,404,0,-93.7311,37.1772
405,1,405,0,-90.5194,37.9861
406,1,406,1,-84.9892,45.4294
407,1,407,0,-73.2626,43.5941
408,1,408,0,-80.5969,40.1635
409,1,409,0,-74.9148,42.0519
410,1,410,0,-79.2161,38.4784
411,1,411,1,-73.9056,40.8915
412,1,412,0,-81.309,41.1871
413,1,413,0,-71.3883,44.184
414,1,414,0,-95.0511,46.9767
415,1,415,0,-72.9477,44.1135
416,1,416,0,-71.2538,44.2579
417,1,417,0,-81.1406,37.5306
418,1,418,0,-71.1383,43.9759
419,1,419,1,-72.7173,43.4018
420,1,420,0,-87.8926,41.717
421,1,421,0,-94.3583,46.4123
422,1,422,0,-83.1568,42.113
423,1,423,0,-72.3362,42.6774
424,1,424,0,-86.0635,44.8399
425,1,425,0,-85.5874,43.1112
426,1,426,0,-72.3583,43.8295
427,1,427,0,-77.1061,39.1124
428,1,428,0,-72.1258,42.16
429,1,429,0,-74.0326,40.8864
430,1,430,0,-73.3981,43.5763
431,1,431,0,-71.2193,44.3326
432,1,432,0,-85.0539,45.1869
433,1,433,0,-74.6356,41.3667
434,1,434,0,-93.2283,36.8628
435,1,435,0,-84.8628,30.6642
436,1,436,0,-73.5934,41.188
437,1,437,0,-81.479,36.6174
438,1,438,0,-107.7669,32.9072
439,1,439,0,-94.6867,46.003
440,1,440,0,-74.6977,40.8029
441,1,441,0,-87.7413,41.9795
442,1,442,0,-72.3708,43.9226
443,1,443,0,-84.7164,37.9184
444,1,444,0,-84.5435,43.1389
445,1,445,0,-73.9294,41.7789
446,1,446,0,-75.9398,41.6594
447,1,447,0,-73.2187,43.822
448,1,448,0,-74.2829,43.4022
449,1,449,1,-82.1018,39.3275
450,1,450,0,-88.4406,41.7852
451,1,451,0,-84.4604,42.6891
452,1,452,0,-87.7294,46.7854
453,1,453,0,-76.8161,38.9993
454,1,454,0,-73.2159,44.3717
455,1,455,0,-72.7086,42.6195
456,1,456,0,-87.911,42.1809
457,1,457,0,-85.8093,42.8757
458,1,458,0,-71.3358,42.2528
459,1,459,0,-90.6361,34.6051
460,1,460,0,-94.636,31.8288
461,1,461,0,-86.996,33.7072
462,1,462,0,-80.4938,35.4614
463,1,463,0,-72.9478,42.6498
464,1,464,0,-73.1916,43.2388
465,1,465,1,-73.5748,41.2087
466,1,466,0,-76.5563,42.3982
467,1,467,0,-72.5136,44.8401
468,1,468,0,-71.1135,42.3257
469,1,469,0,-89.0244,41.296
470,1,470,1,-71.1078,42.4311
471,1,471,0,-87.556,37.8836
472,1,472,0,-82.0729,39.344
473,1,473,0,-72.3115,42.5218
474,1,474,0,-80.7715,41.0484
475,1,475,0,-87.488,46.6263
476,1,476,0,-69.1241,44.6097
477,1,477,0,-92.4096,46.0482
478,1,478,0,-85.9174,35.1419
479,1,479,0,-76.7707,39.4304
480,1,480,0,-74.3232,40.7484
481,1,481,0,-71.8954,44.5558
482,1,482,0,-73.0156,44.0054
483,1,483,0,-76.0862,42.7763
484,1,484,0,-88.1472,39.4036
485,1,485,0,-86.4717,36.9529
486,1,486,0,-95.5278,47.0936
487,1,487,0,-86.9199,46.4517
488,1,488,0,-89.7608,42.5871
489,1,489,0,-93.39,44.6872
490,1,490,0,-89.8635,46.033
491,1,491,0,-87.4292,32.9573
492,1,492,0,-71.2704,44.0551
493,1,493,0,-84.8226,30.7024
494,1,494,0,-72.2022,42.5078
495,1,495,0,-88.2426,35.7057
496,1,496,0,-72.182,42.5273
497,1,497,0,-83.4647,35.058
498,1,498,0,-87.3857,32.92
499,1,499,0,-88.16,39.3972
500,1,500,0,-71.3225,44.027
501,1,501,0,-80.5226,37.3788
502,1,502,0,-80.424,41.675
503,1,503,0,-74.6934,40.7837
504,1,504,0,-74.5163,40.2148
505,1,505,0,-82,28
506,1,506,0,-88.1249,45.8063
507,1,507,0,-72.1924,44.618
508,1,508,0,-85.5805,35.0268
509,1,509,1,-90.2586,38.6108
510,1,510,0,-93.6737,35.1694
511,1,511,0,-81.3542,36.2524
512,1,512,0,-79.2828,36.3456
513,1,513,0,-90.7908,40.4512
514,1,514,0,-89.27,46.295
515,1,515,0,-72.658,42.5733
516,1,516,0,-91.129,42.9892
517,1,517,1,-94.1616,36.1063
518,1,518,0,-72.3294,43.7014
519,1,519,0,-75.6697,39.8732
520,1,520,0,-91.0998,46.1885
521,1,521,0,-84.678,39.1028
522,1,522,0,-71.5819,43.7562
523,1,523,0,-87.5431,46.6395
524,1,524,0,-87.6298,46.6546
525,1,525,0,-79.5023,39.8676
526,1,526,0,-93.4168,45.1656
527,1,527,0,-84.9636,39.7979
528,1,528,0,-88.1552,41.761
529,1,529,0,-85.812,36.105
530,1,530,0,-88.5056,41.635
531,1,531,0,-73.2325,44.4966
532,1,532,1,-72.655,41.7573
533,1,533,0,-72.1632,41.9326
534,1,534,0,-73.0931,44.2589
535,1,535,0,-95.0534,34.5124
536,1,536,0,-83.7887,43.343
537,1,537,0,-83.975,44.4433
538,1,538,0,-83.6867,46.0202
539,1,539,0,-83.6758,44.4463
540,1,540,0,-84.4956,44.8355
541,1,541,0,-86.0206,45.1429
542,1,542,0,-93.9184,34.4031
543,1,543,0,-94.423,36.4648
544,1,544,0,-93.925,36.4488
545,1,545,0,-94.2186,36.0247
546,1,546,0,-72.7019,41.905
547,1,547,0,-72.5583,41.9761
548,1,548,0,-73.4783,41.7547
549,1,549,0,-84.7395,39.5762
550,1,550,0,-92.7672,37.9747
551,1,551,0,-89.5003,37.3375
552,1,552,0,-94.3989,35.7895
553,1,553,0,-94.0098,35.9425
554,1,554,0,-94.6863,34.393
555,1,555,0,-94.5938,34.6844
556,1,556,0,-82.42,39.98
557,1,557,0,-84.3554,39.2613
558,1,558,0,-74.5499,41.2599
559,1,559,0,-82.8301,34.6749
560,1,560,0,-87.8763,47.4403
561,1,561,0,-74.8875,41.2295
562,1,562,0,-70.8887,43.0388
563,1,563,0,-83.1515,35.4842
564,1,564,0,-76.0333,42.0917
565,1,565,0,-90.34,43.31
566,1,566,0,-73.61,41.46
567,1,567,0,-90.8661,43.105
568,1,568,0,-75.1772,40.9847
569,1,569,0,-73.875,42.1831
570,1,570,0,-90.74,43.14
571,1,571,0,-77.0094,40.6564
572,1,572,0,-95.1277,32.5493
573,1,573,0,-72.3974,44.5438
574,1,574,0,-83.4698,35.6269
575,1,575,0,-72.8044,43.5561
576,1,576,0,-83.6756,41.1202
577,1,577,0,-89.8164,43.4505
578,1,578,1,-76.1364,43.035
579,1,579,0,-88.9778,37.5428
580,1,580,0,-79.7389,40.3949
581,1,581,0,-93.67,40.1
582,1,582,0,-89.3814,37.288
583,1,583,0,-89.6653,46.1521
584,1,584,0,-87.8496,41.047
585,1,585,0,-74.6095,41.5927
586,1,586,0,-86.456,43.4587
587,1,587,0,-86.9554,34.5074
588,1,588,0,-85.7165,32.9853
589,1,589,0,-85.9571,33.8343
590,1,590,0,-80.7588,35.3235
591,1,591,0,-79.3765,39.5594
592,1,592,0,-84.7572,38.9898
593,1,593,0,-73.8822,40.9024
594,1,594,0,-74.5464,41.0382
595,1,595,0,-81.2133,41.5787
596,1,596,0,-72.1545,44.7269
597,1,597,0,-79.4085,39.6574
598,1,598,0,-73.1656,44.3647
599,1,599,0,-72.4817,43.5829
600,1,600,0,-85.3869,39.3272
601,1,601,0,-71.5704,44.481
602,1,602,1,-86.7994,36.1435
603,1,603,0,-87.0071,36.3838
604,1,604,0,-83.9084,40.8999
605,1,605,0,-90.8211,38.4731
606,1,606,0,-91.6286,37.0414
607,1,607,0,-81.6164,36.4054
608,1,608,0,-81.1238,35.3103
609,1,609,0,-81.5186,36.4226
610,1,610,0,-85.5894,42.3457
611,1,611,0,-76.9432,38.8949
612,1,612,0,-85.5997,43.0418
613,1,613,0,-74.7318,40.7473
614,1,614,0,-77.3114,38.8256
615,1,615,0,-79.9516,37.2342
616,1,616,1,-72.8304,41.9958
617,1,617,0,-90.8752,41.4681
618,1,618,0,-90.6238,34.5952
619,1,619,0,-73.8272,44.3797
620,1,620,0,-93.6837,44.8821
621,1,621,0,-90.2,37.4353
622,1,622,1,-72.2536,41.8092
623,1,623,0,-73.2369,41.4761
624,1,624,0,-74.9119,41.0764
625,1,625,1,-72.1242,41.5597
626,1,626,0,-73.1306,41.3461
627,1,627,0,-73.3014,41.2658
628,1,628,0,-71.2709,43.5883
629,1,629,0,-74.5206,42.1606
630,1,630,0,-71.482,44.2062
631,1,631,0,-74.2208,41.7206
632,1,632,0,-74.0893,41.8312
633,1,633,0,-73.5631,42.6045
634,1,634,0,-98.3556,35.4569
635,1,635,0,-76.51,42.55
636,1,636,0,-93.2273,31.0944
637,1,637,0,-88.01,35.54
638,1,638,0,-82.5656,36.0777
639,1,639,0,-89.6174,40.8402
640,1,640,1,-74.1466,40.5404
641,1,641,0,-72.6786,43.6846
642,1,642,0,-73.197,44.733
643,1,643,0,-83.2453,36.4343
644,1,644,0,-71.1426,42.1637
645,1,645,0,-72.6481,42.6301
646,1,646,0,-85.202,46.6054
647,1,647,0,-93.1987,45.4014
648,1,648,0,-68.0193,46.6705
649,1,649,0,-74.1961,44.2728
650,1,650,0,-79.9401,40.4362
651,1,651,0,-73.2606,42.4303
652,1,652,0,-90.2422,43.2208
653,1,653,0,-73.8458,41.2677
654,1,654,0,-72.6514,41.5731
655,1,655,0,-82.0104,36.1679
656,1,656,0,-71.1715,43.6154
657,1,657,0,-89.484,40.955
658,1,658,1,-87.6795,37.9654
659,1,659,0,-77.578,43.0207
660,1,660,0,-86.1066,37.1851
661,1,661,0,-90.698,38.0825
662,1,662,0,-88.2947,44.1549
663,1,663,0,-73.3156,43.9847
664,1,664,0,-83.1175,42.5994
665,1,665,0,-89.1318,46.4099
666,1,666,0,-84.0167,42.4658
667,1,667,0,-87.9022,47.3965
668,1,668,0,-88.9906,36.6639
669,1,669,1,-71.4547,42.2592
670,1,670,1,-79.0708,43.0811
671,1,671,0,-92.1412,46.7717
672,1,672,0,-78.5561,38.2648
673,1,673,0,-81.6393,41.2698
674,1,674,0,-72.7838,44.531
675,1,675,0,-73.6229,43.4705
676,1,676,0,-72.7072,44.7043
677,1,677,0,-70.5801,44.2179
678,1,678,0,-73.5413,41.3929
679,1,679,0,-77.7824,42.7471
680,1,680,0,-75.1966,40.2181
681,1,681,0,-91.1683,37.9517
682,1,682,0,-91.9958,38.9472
683,1,683,0,-84.2683,37.9006
684,1,684,0,-94.8709,37.9573
685,1,685,0,-83.5806,35.1683
686,1,686,0,-85.6289,44.3053
687,1,687,0,-72.5255,43.1323
688,1,688,0,-84.4504,39.0743
689,1,689,0,-72.4699,42.3183
690,1,690,1,-74.7744,40.2692
691,1,691,0,-72.9682,43.8401
692,1,692,0,-104.0221,44.5539
693,1,693,0,-92.1122,38.3989
694,1,694,0,-91.2167,39.6
695,1,695,0,-76.3284,39.8346
696,1,696,0,-76.3491,39.9989
697,1,697,0,-76.9609,40.2548
698,1,698,0,-76.3645,39.9629
699,1,699,0,-80.1583,40.4344
700,1,700,0,-122.2946,47.6301
701,1,701,0,-73.7531,40.742
702,1,702,1,-73.8521,40.7207
703,1,703,0,-74.2155,43.9692
704,1,704,0,-81.744,40.8885
705,1,705,0,-88.6518,37.5264
706,1,706,0,-74.0189,41.4167
707,1,707,0,-87.4704,33.3389
708,1,708,0,-69.0367,46.3567
709,1,709,0,-77.7651,40.1322
710,1,710,0,-83.3311,35.7023
711,1,711,0,-83.8589,35.5562
712,1,712,0,-86.5568,39.0415
713,1,713,0,-87.9017,39.4933
714,1,714,0,-84.5578,34.9172
715,1,715,0,-83.5037,34.8581
716,1,716,0,-74.188,43.9751
717,1,717,1,-79.05,35.9086
718,1,718,0,-82.566,35.6125
719,1,719,1,-83.1844,35.31
720,1,720,0,-84.0525,39.7085
721,1,721,0,-78.3466,40.5065
722,1,722,0,-79.6661,38.9408
723,1,723,0,-79.3339,40.0225
724,1,724,0,-79.9199,39.8948
725,1,725,0,-83.147,38.9237
726,1,726,0,-79.2442,40.6627
727,1,727,0,-80.4131,39.8647
728,1,728,0,-79.915,39.905
729,1,729,0,-79.4603,40.5132
730,1,730,0,-77.2525,41.2013
731,1,731,0,-79.7654,40.2512
732,1,732,0,-78.8974,40.6618
733,1,733,0,-79.1731,40.3036
734,1,734,0,-79.6444,40.4183
735,1,735,0,-79.2667,38.822
736,1,736,0,-80.15,39.9833
737,1,737,0,-82.6781,41.2806
738,1,738,0,-80.3619,40.5019
739,1,739,0,-79.8592,40.5823
740,1,740,0,-79.0013,40.5526
741,1,741,0,-79.0731,41.3873
742,1,742,0,-79.2545,38.9608
743,1,743,0,-80.1014,40.2578
744,1,744,0,-89.9773,46.7058
745,1,745,0,-79.7628,41.9639
746,1,746,0,-79.7702,40.1753
747,1,747,0,-79.3312,38.6789
748,1,748,1,-76.5049,40.8777
749,1,749,0,-80.1218,40.065
750,1,750,0,-79.2931,40.2208
751,1,751,0,-77.5806,41.7295
752,1,752,0,-80.1053,41.0356
753,1,753,0,-79.1667,40.2
754,1,754,0,-78.029,41.4273
755,1,755,0,-78.5158,40.6799
756,1,756,0,-79.3333,40.3514
757,1,757,0,-80.1344,41.648
758,1,758,0,-80.1972,39.7225
759,1,759,0,-80.5089,40.3108
760,1,760,0,-76.5253,40.9124
761,1,761,0,-70.3037,44.5742
762,1,762,0,-90.6889,38.6165
763,1,763,0,-76.2864,42.7865
764,1,764,1,-70.2544,43.6604
765,1,765,0,-73.2002,43.668
766,1,766,0,-85.5951,34.4226
767,1,767,0,-88.7537,43.6469
768,1,768,0,-75.599,43.3106
769,1,769,0,-70.7708,43.0133
770,1,770,0,-94.1806,30.7813
771,1,771,0,-86.8527,34.4537
772,1,772,0,-84.9653,30.5822
773,1,773,0,-87.789,35.2411
774,1,774,0,-72.3458,43.5632
775,1,775,0,-79.8448,40.319
776,1,776,0,-89.713,39.5873
777,1,777,0,-77.9957,40.5053
778,1,778,0,-88.795,45.557
779,1,779,0,-88.5039,45.1391
780,1,780,0,-88.7757,45.4704
781,1,781,0,-89.1106,46.1023
782,1,782,0,-88.9399,46.0454
783,1,783,0,-88.7543,45.9164
784,1,784,0,-88.7122,45.5106
785,1,785,0,-88.3347,45.6564
786,1,786,0,-88.0547,44.6454
787,1,787,0,-87.8314,44.4039
788,1,788,0,-87.9392,44.277
789,1,789,0,-87.8474,44.6093
790,1,790,0,-87.7939,44.6398
791,1,791,0,-88.4632,44.7378
792,1,792,0,-88.7692,44.8075
793,1,793,0,-88.1903,44.931
794,1,794,0,-87.844,44.0915
795,1,795,0,-89.1387,44.7564
796,1,796,0,-88.5696,44.3541
797,1,797,0,-87.2894,44.8167
798,1,798,0,-88.9254,45.4776
799,1,799,0,-86.838,45.3999
800,1,800,0,-88.3749,45.47
801,1,801,0,-88.9952,45.9251
802,1,802,0,-88.0296,44.803
803,1,803,0,-88.5619,45.8767
804,1,804,0,-89.1622,45.3385
805,1,805,0,-87.0488,45.1542
806,1,806,0,-87.9428,44.4717
807,1,807,0,-87.7289,43.6507
808,1,808,0,-88.2305,43.2299
809,1,809,0,-88.4635,45.971
810,1,810,1,-87.9171,44.5243
811,1,811,0,-87.0817,45.0767
812,1,812,1,-87.1351,45.0716
813,1,813,0,-88.2503,44.8208
814,1,814,0,-88.4856,45.2705
815,1,815,0,-90.1664,42.7592
816,1,816,0,-88.376,45.5846
817,1,817,0,-87.7635,44.2818
818,1,818,0,-89.5925,45.4917
819,1,819,0,-90.0862,45.8273
820,1,820,0,-72.2546,42.3923
821,1,821,0,-89.5361,46.2562
822,1,822,0,-90.0923,45.7974
823,1,823,0,-116.5914,33.2897
824,1,824,0,-116.5956,33.2883
825,1,825,1,-82.5709,36.5113
826,1,826,0,-90.3653,47.7689
827,1,827,0,-78.865,38.4292
828,1,828,0,-81.1327,41.1497
829,1,829,0,-73.2906,43.9687
830,1,830,0,-72.7998,44.5388
831,1,831,0,-83.5571,40.8465
832,1,832,0,-83.4413,41.5897
833,1,833,0,-73.3355,44.7058
834,1,834,0,-71.6424,43.1238
835,1,835,0,-71.7,43.4111
836,1,836,1,-73.8995,40.9038
837,1,837,1,-73.9389,40.6216
838,1,838,0,-88.118,37.029
839,1,839,0,-73.7727,43.5225
840,1,840,0,-67.4833,45.2667
841,1,841,0,-73.3721,41.3958
842,1,842,0,-81.7924,36.1212
843,1,843,0,-84.1767,41.8572
844,1,844,0,-84.3681,42.7637
845,1,845,0,-87.1012,38.4296
846,1,846,0,-89.5756,46.0885
847,1,847,0,-87.951,38.0631
848,1,848,0,-86.42,38.7334
849,1,849,1,-72.9247,41.3114
850,1,850,0,-88.6456,38.911
851,1,851,0,-87.5295,38.7067
852,1,852,0,-88.525,38.6382
853,1,853,0,-88.689,39.4814
854,1,854,0,-88.2523,38.9467
855,1,855,0,-90.3059,38.3025
856,1,856,0,-90.2602,38.3629
857,1,857,0,-87.746,40.2162
858,1,858,0,-88.0829,38.6895
859,1,859,0,-88.6751,39.508
860,1,860,0,-87.5481,40.0089
861,1,861,0,-74.8036,42.119
862,1,862,0,-72.9501,43.6481
863,1,863,0,-85.637,45.121
864,1,864,0,-79.568,42.2648
865,1,865,0,-73.181,43.6013
866,1,866,0,-70.7839,41.6658
867,1,867,0,-73.477,42.6764
868,1,868,0,-86.403,39.4938
869,1,869,0,-78.6454,42.7714
870,1,870,0,-75.2646,44.3448
871,1,871,0,-85.6577,41.9034
872,1,872,0,-94.5334,34.7752
873,1,873,0,-72.7011,41.5847
874,1,874,0,-91.1869,46.3505
875,1,875,0,-88.3548,42.9953
876,1,876,0,-91.2681,46.401
877,1,877,0,-72.6179,42.2673
878,1,878,0,-79.0566,43.107
879,1,879,0,-72.9174,44.3602
880,1,880,0,-73.2995,44.8794
881,1,881,0,-89.0364,37.2692
882,1,882,0,-78.2437,39.6196
883,1,883,0,-87.6963,41.4587
884,1,884,0,-76.9812,39.029
885,1,885,0,-84.8291,45.3547
886,1,886,0,-90.717,38.5892
887,1,887,0,-81.0949,40.8254
888,1,888,0,-90.7314,38.6842
889,1,889,0,-90.3167,37.8864
890,1,890,0,-83.81,35.2192
891,1,891,0,-74.4086,41.5142
892,1,892,0,-76.718,39.1915
893,1,893,1,-77.7389,39.3254
894,1,894,0,-93.9647,31.5375
895,1,895,0,-94.0097,31.5333
896,1,896,0,-94.1839,30.8019
897,1,897,0,-92.4032,34.7652
898,1,898,0,-92.3843,34.7939
899,1,899,0,-86.0549,43.2996
900,1,900,0,-76.4198,43.0374
901,1,901,0,-78.5704,35.7701
902,1,902,0,-72.4428,43.3592
903,1,903,0,-84.5283,45.9885
904,1,904,0,-86.6449,46.5078
905,1,905,0,-73.6394,44.1514
906,1,906,0,-72.0947,42.2395
907,1,907,0,-72.1142,44.0088
908,1,908,0,-72.8733,42.8702
909,1,909,0,-79.4112,42.1732
910,1,910,0,-77.9771,39.1581
911,1,911,0,-78.1851,39.0728
912,1,912,0,-78.3627,38.5969
913,1,913,0,-73.004,44.5559
914,1,914,0,-88.1295,43.4782
915,1,915,0,-92.3492,46.6492
916,1,916,0,-74.0663,41.1466
917,1,917,0,-71.8907,42.6603
918,1,918,0,-92.1147,45.6339
919,1,919,0,-76.6299,39.5055
920,1,920,0,-79.7509,41.2317
921,1,921,0,-75.4213,40.0236
922,1,922,0,-83.9292,35.3587
923,1,923,0,-86.2206,39.2361
924,1,924,0,-70.4855,43.589
925,1,925,0,-85.9283,44.4744
926,1,926,0,-72.3945,43.1473
927,1,927,0,-72.4639,44.6241
928,1,928,0,-73.8289,42.2736
929,1,929,0,-88.8494,33.7861
930,1,930,0,-89.5257,34.3623
931,1,931,0,-68.1328,44.5799
932,1,932,0,-87.9418,45.7592
933,1,933,0,-72.9424,44.5176
934,1,934,1,-81.538,41.5471
935,1,935,0,-71.1038,44.0427
936,1,936,0,-87.2401,45.0761
937,1,937,0,-85.54,43.2121
938,1,938,0,-86.1032,35.4912
939,1,939,0,-88.0242,43.368
940,1,940,0,-72.8672,45.0007
941,1,941,0,-84.5598,38.9677
942,1,942,0,-82.3885,35.7996
943,1,943,0,-82.8142,40.0893
944,1,944,0,-70.9465,42.2338
945,1,945,0,-72.8126,41.5127
946,1,946,0,-75.2055,43.3982
947,1,947,0,-82.1874,39.239
948,1,948,0,-84.3171,33.8034
949,1,949,0,-72.3616,44.5128
950,1,950,0,-93.7733,46.9301
951,1,951,0,-79.8015,39.6363
952,1,952,0,-111,41
953,1,953,0,-89.9192,43.49
954,1,954,0,-84.2273,33.4413
955,1,955,0,-84.5926,39.2334
956,1,956,0,-78.366,38.6027
957,1,957,0,-70.8909,43.1795
958,1,958,0,-72.6386,41.2857
959,1,959,0,-76.54,42.2678
960,1,960,0,-74.029,41.5716
961,1,961,0,-90.4619,38.8979
962,1,962,0,-121.1071,45.1543
963,1,963,0,-72.4891,43.79
964,1,964,0,-71.1844,42.2443
965,1,965,0,-76.9836,38.5305
966,1,966,0,-73.0647,44.7041
967,1,967,0,-72.6651,43.4759
968,1,968,0,-78.7187,42.8857
969,1,969,0,-69.8358,44.4709
970,1,970,0,-77.368,38.9799
971,1,971,0,-81.9385,35.9189
972,1,972,0,-90.6636,42.9828
973,1,973,0,-95.8744,38.1317
974,1,974,0,-90.15,38.36
975,1,975,0,-93.952,46.9328
976,1,976,0,-73.3309,43.8841
977,1,977,0,-76.3179,42.4578
978,1,978,0,-68.4916,44.7549
979,1,979,0,-71.0042,42.0588
980,1,980,0,-93.3039,44.9295
981,1,981,0,-87.8992,42.2145
982,1,982,0,-93.4437,30.865
983,1,983,0,-93.8528,31.4925
984,1,984,0,-93.7464,31.3461
985,1,985,0,-93.8361,31.5833
986,1,986,0,-87.658,37.495
987,1,987,0,-86.3739,39.0205
988,1,988,0,-78.8957,41.7884
989,1,989,0,-70.8641,44.5777
990,1,990,0,-74.4795,42.0733
991,1,991,0,-94.3736,30.7958
992,1,992,0,-93.8439,31.6028
993,1,993,0,-87.9542,43.3624
994,1,994,0,-88.2106,43.5059
995,1,995,0,-87.8646,42.807
996,1,996,0,-88.1691,43.6082
997,1,997,0,-89.971,45.8929
998,1,998,0,-91.1979,45.2766
999,1,999,0,-89.1369,44.2214
1000,1,1000,0,-88.531,43.465
1001,1,1001,0,-88.83,44.68
1002,1,1002,0,-87.8401,42.6739
1003,1,1003,0,-88.6957,42.7975
1004,1,1004,0,-86.3,41.95
1005,1,1005,0,-88.0092,43.4318
1006,1,1006,0,-89.3341,42.0385
1007,1,1007,0,-68.098,44.8579
1008,1,1008,0,-74.1425,43.8438
1009,1,1009,0,-72.7,43.3833
1010,1,1010,0,-72.8496,44.3627
1011,1,1011,0,-85.6831,45.088
1012,1,1012,0,-87.1581,46.2837
1013,1,1013,0,-76.307,42.5048
1014,1,1014,0,-83.9918,39.6346
1015,1,1015,0,-94.0432,44.164
1016,1,1016,0,-92.4085,45.6068
1017,1,1017,0,-90.6472,46.3656
1018,1,1018,0,-87.6375,38.0601
1019,1,1019,0,-72.2094,44.4864
1020,1,1020,0,-79.7817,40.5325
1021,1,1021,0,-73.1876,42.7487
1022,1,1022,0,-90.3805,38.5422
1023,1,1023,0,-91.8275,47.9055
1024,1,1024,0,-71.8568,43.707
1025,1,1025,1,-80.4193,37.2247
1026,1,1026,0,-84.7952,43.0822
1027,1,1027,0,-84.084,39.3343
1028,1,1028,0,-72.9058,42.9698
1029,1,1029,0,-88.2356,41.3887
1030,1,1030,0,-81.9763,41.0054
1031,1,1031,0,-87.2345,45.1616
1032,1,1032,0,-72.7431,42.8453
1033,1,1033,0,-73.8383,41.1085
1034,1,1034,0,-72.5762,43.594
1035,1,1035,0,-70.3513,44.7278
1036,1,1036,0,-85.8354,38.1043
1037,1,1037,0,-81.2594,41.6452
1038,1,1038,0,-87.4239,46.5339
1039,1,1039,0,-95.2529,47.2255
1040,1,1040,0,-72.7191,44.0591
1041,1,1041,0,-71.2185,42.1116
1042,1,1042,0,-83.9727,42.4663
1043,1,1043,0,-78.3769,39.752
1044,1,1044,0,-70.3006,43.7644
1045,1,1045,0,-75.8166,40.7625
1046,1,1046,0,-92.1092,46.8168
1047,1,1047,0,-93.2577,46.7641
1048,1,1048,0,-72.1714,44.1982
1049,1,1049,0,-78.6619,42.0448
1050,1,1050,0,-73.065,42.9241
1051,1,1051,0,-89.988,35.1465
1052,1,1052,0,-81.6592,41.4374
1053,1,1053,0,-73.9283,42.8186
1054,1,1054,0,-86.4354,46.4465
1055,1,1055,0,-84.143,39.0147
1056,1,1056,0,-85.4716,43.2212
1057,1,1057,0,-86.303,35.8565
1058,1,1058,0,-86.616,46.2366
1059,1,1059,0,-84.6838,45.4213
1060,1,1060,0,-82.3774,40.2415
1061,1,1061,0,-89.7963,43.3946
1062,1,1062,0,-78.0134,42.9923
1063,1,1063,0,-82.5552,40.7003
1064,1,1064,0,-84.3043,35.8827
1065,1,1065,0,-90.8748,46.686
1066,1,1066,0,-85.5785,38.0923
1067,1,1067,1,-88.0401,42.1154
1068,1,1068,0,-83.7569,46.0599
1069,1,1069,0,-78.7513,42.7017
1070,1,1070,1,-75.9744,40.8023
1071,1,1071,0,-89.2667,37.4969
1072,1,1072,0,-76.3735,42.3911
1073,1,1073,0,-73.762,43.862
1074,1,1074,0,-84.8526,38.2826
1075,1,1075,0,-74.0755,44.0708
1076,1,1076,0,-86.9214,46.038
1077,1,1077,0,-75.4432,40.1221
1078,1,1078,0,-72.6114,43.5449
1079,1,1079,0,-80.2979,36.874
1080,1,1080,0,-85.6933,40.8142
1081,1,1081,0,-79.2593,41.8364
1082,1,1082,1,-81.4858,41.3047
1083,1,1083,0,-80.6995,40.9745
1084,1,1084,0,-83.1271,39.4158
1085,1,1085,0,-85.897,35.2024
1086,1,1086,0,-82.81,39.9362
1087,1,1087,0,-70.0729,43.8301
1088,1,1088,0,-72.6057,41.4015
1089,1,1089,0,-73.335,40.9152
1090,1,1090,0,-83.5888,35.9619
1091,1,1091,0,-85.353,37.091
1092,1,1092,0,-88.8541,41.5395
1093,1,1093,0,-77.7094,39.5381
1094,1,1094,0,-73.7908,41.2531
1095,1,1095,0,-79.17,42.0204
1096,1,1096,0,-86.7242,36.1669
1097,1,1097,1,-77.4488,37.5359
1098,1,1098,0,-72.2063,45.0048
1099,1,1099,0,-73.214,40.892
1100,1,1100,1,-93.099,44.8978
1101,1,1101,0,-82.2261,39.4019
1102,1,1102,0,-77.5653,37.6341
1103,1,1103,0,-73.1903,42.6356
1104,1,1104,0,-86.4982,46.3309
1105,1,1105,0,-87.8286,41.8953
1106,1,1106,0,-81.183,41.658
1107,1,1107,0,-83.9272,35.9396
1108,1,1108,0,-76.5976,40.421
1109,1,1109,0,-72.0686,42.1477
1110,1,1110,0,-83.6155,41.3504
1111,1,1111,0,-71.4519,43.0359
1112,1,1112,0,-84.9091,37.9559
1113,1,1113,0,-82.0362,35.7297
1114,1,1114,0,-92.3084,45.6352
1115,1,1115,0,-73.8311,44.433
1116,1,1116,0,-73.8249,41.3603
1117,1,1117,0,-87.8231,42.1417
1118,1,1118,0,-81.7703,41.2141
1119,1,1119,0,-75.2501,39.9527
1120,1,1120,0,-73.191,44.5897
1121,1,1121,0,-70.9293,42.4876
1122,1,1122,0,-84.5836,39.4366
1123,1,1123,0,-95.0875,38.0161
1124,1,1124,0,-72.7737,44.3964
1125,1,1125,0,-69.0893,44.2529
1126,1,1126,0,-93.0947,35.7539
1127,1,1127,0,-72.8699,41.3983
1128,1,1128,0,-91.0354,46.8957
1129,1,1129,0,-78.4645,42.5177
1130,1,1130,0,-88.2679,42.065
1131,1,1131,0,-82.4991,35.9282
1132,1,1132,0,-88.2018,41.8453
1133,1,1133,0,-71.967,42.6113
1134,1,1134,0,-72.5142,44.6406
1135,1,1135,0,-94.4898,44.3355
1136,1,1136,0,-78.3941,38.4868
1137,1,1137,0,-90.0157,35.3628
1138,1,1138,1,-86.5388,39.1426
1139,1,1139,0,-73.0393,43.4502
1140,1,1140,0,-74.456,40.8011
1141,1,1141,0,-91.589,43.6444
1142,1,1142,0,-82.0674,39.5428
1143,1,1143,0,-78.1939,38.8907
1144,1,1144,0,-83.8863,42.326
1145,1,1145,0,-88.0319,46.6597
1146,1,1146,0,-74.4797,42.2155
1147,1,1147,0,-73.1805,43.02
1148,1,1148,0,-79.5581,38.9896
1149,1,1149,0,-74.3375,44.2299
1150,1,1150,0,-72.3607,44.0439
1151,1,1151,0,-91.0793,47.493
1152,1,1152,0,-91.282,47.4247
1153,1,1153,0,-79.3393,42.4407
1154,1,1154,0,-78.7345,42.0606
1155,1,1155,0,-73.3588,43.6896
1156,1,1156,0,-89.514,45.7769
1157,1,1157,0,-84.3698,38.8902
1158,1,1158,0,-82.2565,39.3451
1159,1,1159,0,-85.4183,40.1993
1160,1,1160,0,-82.8494,35.3696
1161,1,1161,0,-82.3593,35.7498
1162,1,1162,0,-77.5945,42.6705
1163,1,1163,0,-68.4123,44.9048
1164,1,1164,0,-75.1756,44.5966
1165,1,1165,0,-89.6353,40.7784
1166,1,1166,0,-86.6505,36.1884
1167,1,1167,0,-74.1795,40.3634
1168,1,1168,0,-92.4547,45.3773
1169,1,1169,0,-87.107,34.908
1170,1,1170,0,-79.0021,39.7046
1171,1,1171,0,-72.5515,44.7734
1172,1,1172,0,-73.0101,43.2764
1173,1,1173,1,-77.1421,39.0755
1174,1,1174,0,-73.5676,40.8699
1175,1,1175,0,-77.7295,39.2894
1176,1,1176,0,-88.999,35.9557
1177,1,1177,0,-86.2998,35.9633
1178,1,1178,0,-84.5187,42.7092
1179,1,1179,0,-88.3924,42.8156
1180,1,1180,0,-75.1015,40.7468
1181,1,1181,0,-83.862,39.7867
1182,1,1182,0,-72.0353,43.5789
1183,1,1183,0,-73.1078,43.1649
1184,1,1184,0,-74.4265,41.1924
1185,1,1185,0,-70.4172,43.7333
1186,1,1186,0,-84.6989,34.8851
1187,1,1187,0,-73.2075,41.258
1188,1,1188,0,-71.2766,42.9991
1189,1,1189,1,-74.9343,39.908
1190,1,1190,0,-85.6478,37.9119
1191,1,1191,0,-72.5371,44.5394
1192,1,1192,0,-72.7926,43.6908
1193,1,1193,0,-73.7064,42.0989
1194,1,1194,0,-85.9875,46.6732
1195,1,1195,0,-80.3184,37.1892
1196,1,1196,0,-84.5939,42.6007
1197,1,1197,0,-87.0771,46.3822
1198,1,1198,0,-85.5272,38.118
1199,1,1199,0,-74.5418,40.7631
1200,1,1200,0,-78.7064,38.6175
1201,1,1201,0,-77.9159,42.7311
1202,1,1202,0,-70.2429,43.7048
1203,1,1203,0,-89.55,46.8346
1204,1,1204,0,-76.4779,42.4509
1205,1,1205,0,-90.5376,38.5362
1206,1,1206,0,-75.0717,40.0893
1207,1,1207,0,-72.2682,44.5451
1208,1,1208,0,-83.1556,35.5032
1209,1,1209,0,-84.1012,38.9868
1210,1,1210,0,-88.067,36.799
1211,1,1211,0,-78.8957,42.4205
1212,1,1212,0,-73.6526,42.7373
1213,1,1213,0,-72.6068,44.5609
1214,1,1214,0,-84.4435,37.493
1215,1,1215,0,-86.2528,39.8744
1216,1,1216,0,-72.963,44.0686
1217,1,1217,0,-72.6316,44.0515
1218,1,1218,0,-81.7528,41.4145
1219,1,1219,0,-93.2084,44.4037
1220,1,1220,0,-86.0121,39.8755
1221,1,1221,0,-72.4469,42.9708
1222,1,1222,0,-94.5272,47.5412
1223,1,1223,0,-89.6736,46.3592
1224,1,1224,0,-74.8256,40.9638
1225,1,1225,0,-72.9617,43.2231
1226,1,1226,0,-73.1361,42.0275
1227,1,1227,0,-88.9224,37.3616
1228,1,1228,0,-73.5372,41.4057
1229,1,1229,0,-84.2526,39.1308
1230,1,1230,0,-85.8704,38.2568
1231,1,1231,0,-83.5287,38.8128
1232,1,1232,0,-72.6272,42.7931
1233,1,1233,0,-80.8111,40.9471
1234,1,1234,0,-72.1313,43.0828
1235,1,1235,0,-80.3629,42.0113
1236,1,1236,0,-83.6946,45.2671
1237,1,1237,0,-74.4724,40.6128
1238,1,1238,0,-77.6261,40.6938
1239,1,1239,0,-71.8784,43.6495
1240,1,1240,0,-79.389,39.088
1241,1,1241,0,-89.6224,46.8178
1242,1,1242,0,-73.4535,41.3792
1243,1,1243,0,-80.9666,41.1716
1244,1,1244,0,-81.9684,41.459
1245,1,1245,0,-88.1911,36.9439
1246,1,1246,1,-77.9485,43.2006
1247,1,1247,0,-94.8868,39.3934
1248,1,1248,1,-81.6824,40.9984
1249,1,1249,0,-72.0821,41.7753
1250,1,1250,0,-72.9314,45.0129
1251,1,1251,0,-84.1453,39.9172
1252,1,1252,0,-72.5219,43.7041
1253,1,1253,0,-79.8728,40.1174
1254,1,1254,0,-72.2178,41.684
1255,1,1255,0,-79.4046,42.354
1256,1,1256,0,-78.0376,42.588
1257,1,1257,0,-88.5844,42.9797
1258,1,1258,1,-81.6768,36.2114
1259,1,1259,0,-72.7537,43.8537
1260,1,1260,0,-72.711,43.7659
1261,1,1261,0,-88.9889,42.345
1262,1,1262,0,-72.7089,41.7112
1263,1,1263,0,-69.152,44.233
1264,1,1264,0,-87.1897,46.4342
1265,1,1265,0,-71.3651,42.5314
1266,1,1266,0,-79.7206,38.9411
1267,1,1267,0,-73.4515,41.2607
1268,1,1268,0,-73.2513,42.9269
1269,1,1269,1,-77.2653,38.9012
1270,1,1270,0,-85.2242,35.2237
1271,1,1271,0,-72.6423,43.751
1272,1,1272,0,-86.886,46.4469
1273,1,1273,0,-78.3003,36.1543
1274,1,1274,0,-87.9867,43.0471
1275,1,1275,0,-82.5041,35.5825
1276,1,1276,0,-77.6948,39.1127
1277,1,1277,0,-80.0168,42.0909
1278,1,1278,0,-84.3616,37.9022
1279,1,1279,0,-85.5949,36.0439
1280,1,1280,0,-84.9538,44.8243
1281,1,1281,0,-83.1779,35.817
1282,1,1282,0,-72.5868,42.919
1283,1,1283,0,-84.7244,40.2163
1284,1,1284,0,-93.8216,46.3465
1285,1,1285,0,-81.5228,40.9411
1286,1,1286,0,-82.9218,34.8252
1287,1,1287,0,-73.2808,43.287
1288,1,1288,0,-89.1885,37.5955
1289,1,1289,0,-88.6038,47.1367
1290,1,1290,0,-70.8713,42.6146
1291,1,1291,0,-72.3256,42.138
1292,1,1292,0,-81.4005,39.9282
1293,1,1293,0,-93.8789,44.5324
1294,1,1294,0,-68.0376,44.6038
1295,1,1295,0,-78.0706,39.3189
1296,1,1296,0,-76.3478,42.966
1297,1,1297,0,-72.608,43.9978
1298,1,1298,0,-72.8972,44.43
1299,1,1299,0,-79.7973,39.4929
1300,1,1300,0,-84.0086,39.5014
1301,1,1301,0,-85.1818,41.979
1302,1,1302,0,-89.0051,43.174
1303,1,1303,0,-80.5662,37.1328
1304,1,1304,0,-78.6956,42.6948
1305,1,1305,0,-73.5125,40.6855
1306,1,1306,0,-72.5039,41.6932
1307,1,1307,0,-85.1808,45.3504
1308,1,1308,0,-72.7989,43.8796
1309,1,1309,0,-89.4818,42.6853
1310,1,1310,0,-89.6232,46.7955
1311,1,1311,0,-93.1969,44.943
1312,1,1312,0,-77.4526,43.1714
1313,1,1313,0,-83.3635,39.2236
1314,1,1314,0,-86.5833,36.0896
1315,1,1315,0,-94.3487,36.5046
1316,1,1316,0,-72.692,44.8896
1317,1,1317,0,-81.319,41.4386
1318,1,1318,0,-73.1982,42.3594
1319,1,1319,0,-76.9302,38.9879
1320,1,1320,0,-86.3142,36.0534
1321,1,1321,0,-71.339,43.9973
1322,1,1322,0,-85.4474,44.2453
1323,1,1323,0,-86.9908,46.1964
1324,1,1324,0,-87.7886,46.4729
1325,1,1325,0,-81.8143,36.0916
1326,1,1326,0,-85.5588,45.7144
1327,1,1327,0,-81.5576,41.0947
1328,1,1328,0,-72.8555,43.7793
1329,1,1329,0,-73.3525,42.0565
1330,1,1330,0,-79.5768,42.3054
1331,1,1331,0,-72.9094,44.7051
1332,1,1332,0,-73.1767,43.7827
1333,1,1333,0,-72.92,43.7542
1334,1,1334,0,-86.0502,39.4764
1335,1,1335,0,-77.6471,37.507
1336,1,1336,0,-74.1823,40.8944
1337,1,1337,0,-92.1141,46.083
1338,1,1338,0,-74.6013,40.6198
1339,1,1339,0,-85.184,36.5824
1340,1,1340,0,-84.2317,39.0606
1341,1,1341,0,-79.9473,40.5317
1342,1,1342,0,-87.3445,44.7362
1343,1,1343,0,-72.3625,44.6823
1344,1,1344,0,-81.2498,41.4122
1345,1,1345,0,-73.9957,44.243
1346,1,1346,0,-83.0763,35.5834
1347,1,1347,0,-88.9469,43.0608
1348,1,1348,0,-73.1102,42.8415
1349,1,1349,0,-84.0282,45.4071
1350,1,1350,0,-73.2435,41.7923
1351,1,1351,0,-83.1579,35.1986
1352,1,1352,0,-73.2525,44.2698
1353,1,1353,0,-72.2094,43.3911
1354,1,1354,0,-83.4289,41.6412
1355,1,1355,0,-77.0868,38.7119
1356,1,1356,0,-79.1218,39.502
1357,1,1357,0,-73.2925,43.7349
1358,1,1358,0,-88.6458,40.0046
1359,1,1359,0,-73.1994,44.9488
1360,1,1360,0,-72.8443,43.9078
1361,1,1361,0,-90.9261,39.0111
1362,1,1362,0,-76.6954,41.4454
1363,1,1363,0,-81.5193,36.6333
1364,1,1364,0,-87.4019,37.9627
1365,1,1365,0,-71.8077,44.9294
1366,1,1366,0,-79.9386,40.372
1367,1,1367,0,-71.718,44.6794
1368,1,1368,0,-78.7757,40.348
1369,1,1369,0,-81.7969,41.0492
1370,1,1370,0,-73.6667,41.9229
1371,1,1371,1,-78.4082,40.5392
1372,1,1372,0,-81.3463,40.6669
1373,1,1373,0,-80.72,35.4084
1374,1,1374,0,-86.3147,39.8061
1375,1,1375,0,-72.4081,43.0775
1376,1,1376,0,-71.6989,44.1405
1377,1,1377,0,-90.7914,46.9706
1378,1,1378,0,-81.8114,41.1439
1379,1,1379,0,-89.6698,46.0464
1380,1,1380,0,-83.4469,41.0402
1381,1,1381,0,-70.0997,43.8618
1382,1,1382,0,-80.0317,40.6197
1383,1,1383,0,-73.3751,41.894
1384,1,1384,0,-84.3524,38.7912
1385,1,1385,0,-70.6844,44.385
1386,1,1386,0,-74.2949,44.6688
1387,1,1387,0,-70.5035,43.531
1388,1,1388,0,-82.3174,40.8554
1389,1,1389,0,-79.9571,39.5975
1390,1,1390,0,-84.7235,39.1853
1391,1,1391,0,-72.5705,44.1892
1392,1,1392,0,-89.3285,45.0039
1393,1,1393,0,-87.1684,45.1641
1394,1,1394,0,-93.1246,41.3135
1395,1,1395,0,-86.1178,42.8881
1396,1,1396,0,-74.2354,40.8086
1397,1,1397,0,-80.4053,37.3009
1398,1,1398,0,-84.9568,46.4746
1399,1,1399,0,-83.2171,41.1204
1400,1,1400,0,-73.0246,42.3492
1401,1,1401,0,-83.8879,45.4655
1402,1,1402,0,-88.3207,41.8208
1403,1,1403,0,-88.2796,45.8214
1404,1,1404,0,-88.2299,43.3844
1405,1,1405,1,-82.7535,39.8842
1406,1,1406,0,-73.4043,42.342
1407,1,1407,0,-77.277,38.8522
1408,1,1408,0,-80.313,38.9601
1409,1,1409,0,-83.9345,36.2507
1410,1,1410,0,-72.9512,43.0465
1411,1,1411,0,-90.8703,43.7374
1412,1,1412,0,-74.0348,42.1941
1413,1,1413,0,-85.7228,42.2795
1414,1,1414,0,-72.298,41.8917
1415,1,1415,0,-76.5039,41.5708
1416,1,1416,0,-75.905,43.698
1417,1,1417,0,-80.1901,42.0047
1418,1,1418,0,-83.5295,42.4352
1419,1,1419,0,-92.8166,44.7702
1420,1,1420,0,-89.6934,38.7709
1421,1,1421,0,-83.5739,39.6369
1422,1,1422,0,-92.1305,45.4845
1423,1,1423,0,-81.2427,41.2637
1424,1,1424,0,-86.0899,34.9809
1425,1,1425,0,-92.5286,47.5785
1426,1,1426,0,-90.0274,43.6824
1427,1,1427,0,-82.5413,39.4342
1428,1,1428,0,-86.5326,35.7832
1429,1,1429,0,-69.5906,45.2844
1430,1,1430,0,-79.5959,42.3356
1431,1,1431,0,-88.87,46.6594
1432,1,1432,0,-79.3401,39.1769
1433,1,1433,0,-79.4669,42.2115
1434,1,1434,0,-81.2336,41.7301
1435,1,1435,0,-68.7307,45.3966
1436,1,1436,0,-76.6472,42.5376
1437,1,1437,0,-73.3585,42.205
1438,1,1438,0,-70.8634,42.0714
1439,1,1439,0,-72.5946,44.744
1440,1,1440,0,-74.7658,40.3493
1441,1,1441,0,-86.0611,39.953
1442,1,1442,0,-73.0459,43.9748
1443,1,1443,0,-93.4688,46.9931
1444,1,1444,0,-77.8634,40.5488
1445,1,1445,0,-88.2697,41.7499
1446,1,1446,0,-74.2841,40.7417
1447,1,1447,0,-70.9397,43.1369
1448,1,1448,0,-74.1484,41.2278
1449,1,1449,0,-81.3872,41.2406
1450,1,1450,0,-75.911,42.0201
1451,1,1451,0,-72.3928,42.3478
1452,1,1452,0,-84.4269,37.8517
1453,1,1453,0,-81.2451,41.3845
1454,1,1454,0,-82.3126,40.6148
1455,1,1455,0,-72.5686,43.0493
1456,1,1456,0,-85.4902,43.6989
1457,1,1457,0,-88.3497,41.63
1458,1,1458,0,-87.3367,36.637
1459,1,1459,0,-80.6448,35.3302
1460,1,1460,0,-84.6574,44.7413
1461,1,1461,0,-83.8662,35.9569
1462,1,1462,0,-91.1776,45.1464
1463,1,1463,0,-82.2549,36.3429
1464,1,1464,0,-72.7819,41.8564
1465,1,1465,0,-87.2852,36.1017
1466,1,1466,0,-73.6596,41.3113
1467,1,1467,0,-92.9858,45.031
1468,1,1468,0,-85.4869,45.7866
1469,1,1469,0,-83.9046,39.9138
1470,1,1470,0,-92.6278,44.874
1471,1,1471,0,-71.5531,42.3068
1472,1,1472,0,-74.5011,40.9514
1473,1,1473,0,-72.8895,44.263
1474,1,1474,0,-73.1301,44.7392
1475,1,1475,0,-72.9284,42.4715
1476,1,1476,0,-86.2664,39.1133
1477,1,1477,0,-86.2492,37.2762
1478,1,1478,0,-78.6294,42.8259
1479,1,1479,0,-71.2869,43.7141
1480,1,1480,0,-70.9111,43.0819
1481,1,1481,0,-86.5392,46.4734
1482,1,1482,0,-77.8237,41.6627
1483,1,1483,0,-83.6964,36.6027
1484,1,1484,0,-85.4929,36.1568
1485,1,1485,0,-92.9459,35.5203
1486,1,1486,0,-85.7486,35.2329
1487,1,1487,0,-85.7097,45.0566
1488,1,1488,0,-86.9283,34.8346
1489,1,1489,0,-85.8171,44.9127
1490,1,1490,0,-89.5155,40.732
1491,1,1491,0,-79.3983,39.4158
1492,1,1492,0,-83.963,40.1788
1493,1,1493,0,-89.7866,43.6527
1494,1,1494,0,-86.1314,44.7183
1495,1,1495,1,-78.9395,39.6429
1496,1,1496,0,-77.6324,43.1218
1497,1,1497,0,-79.8446,42.2135
1498,1,1498,0,-89.6195,45.9926
1499,1,1499,0,-78.5566,42.7477
1500,1,1500,0,-84.641,40.1053
1501,1,1501,0,-77.9157,40.3927
1502,1,1502,0,-86.6967,35.5955
1503,1,1503,0,-81.7246,41.1835
1504,1,1504,0,-85.8398,42.6403
1505,1,1505,1,-87.6766,42.0566
1506,1,1506,0,-90.7412,45.7622
1507,1,1507,0,-84.8465,45.131
1508,1,1508,0,-87.9322,36.8498
1509,1,1509,0,-72.6946,42.4797
1510,1,1510,0,-72.8383,43.3174
1511,1,1511,0,-86.1259,40.0105
1512,1,1512,1,-74.0048,40.6194
1513,1,1513,0,-93.6192,45.0039
1514,1,1514,0,-71.5537,43.1785
1515,1,1515,0,-71.8214,42.2675
1516,1,1516,0,-90.9849,43.7151
1517,1,1517,0,-79.0796,37.8485
1518,1,1518,0,-90.2021,45.4575
1519,1,1519,0,-71.4723,41.9304
1520,1,1520,0,-88.029,43.6853
1521,1,1521,0,-88.4663,46.6273
1522,1,1522,0,-83.9932,39.8845
1523,1,1523,0,-88.2108,40.1266
1524,1,1524,0,-71.4769,42.771
1525,1,1525,0,-84.0352,35.945
1526,1,1526,0,-85.7853,38.1668
1527,1,1527,0,-71.7507,42.3434
1528,1,1528,0,-91.5394,45.5825
1529,1,1529,1,-77.1183,38.8701
1530,1,1530,0,-89.8088,43.5733
1531,1,1531,0,-84.2529,39.2631
1532,1,1532,0,-91.4848,44.0276
1533,1,1533,0,-84.4677,39.2724
1534,1,1534,0,-86.995,38.1155
1535,1,1535,0,-76.6092,39.4899
1536,1,1536,0,-83.7643,41.0575
1537,1,1537,0,-89.0254,45.817
1538,1,1538,0,-86.242,44.6853
1539,1,1539,0,-76.5704,39.3301
1540,1,1540,0,-85.4643,42.482
1541,1,1541,0,-86.9051,36.0607
1542,1,1542,0,-92.854,37.722
1543,1,1543,0,-83.1238,35.7413
1544,1,1544,0,-85.9978,42.3675
1545,1,1545,0,-87.8445,42.9236
1546,1,1546,0,-84.9279,45.379
1547,1,1547,1,-87.0305,41.607
1548,1,1548,0,-78.4425,39.7763
1549,1,1549,0,-88.7648,46.9866
1550,1,1550,0,-69.0693,44.5964
1551,1,1551,0,-90.6704,46.7986
1552,1,1552,0,-91.1427,37.1547
1553,1,1553,0,-77.1819,38.7872
1554,1,1554,0,-85.9741,44.8275
1555,1,1555,0,-84.7953,43.5894
1556,1,1556,0,-81.6922,36.1504
1557,1,1557,0,-75.3591,40.6026
1558,1,1558,0,-89.3035,46.1748
1559,1,1559,0,-93.8549,46.2825
1560,1,1560,0,-73.8893,42.6097
1561,1,1561,0,-74.3882,40.9469
1562,1,1562,0,-93.3428,47.2532
1563,1,1563,0,-95.1769,47.2116
1564,1,1564,0,-72.0178,44.5386
1565,1,1565,0,-78.0183,43.2247
1566,1,1566,0,-82.4794,36.4975
1567,1,1567,0,-89.343,41.8508
1568,1,1568,0,-75.0191,41.5554
1569,1,1569,0,-77.0601,40.0688
1570,1,1570,0,-85.3817,42.3982
1571,1,1571,0,-79.1696,42.5282
1572,1,1572,0,-81.5057,40.0824
1573,1,1573,0,-89.7261,46.8134
1574,1,1574,0,-75.7521,44.5084
1575,1,1575,0,-91.2964,47.4023
1576,1,1576,0,-79.2292,41.5671
1577,1,1577,0,-91.3549,47.6171
1578,1,1578,0,-85.2472,45.3357
1579,1,1579,0,-88.9993,41.3185
1580,1,1580,0,-88.108,41.6441
1581,1,1581,1,-81.4362,41.0753
1582,1,1582,0,-88.9482,43.3286
1583,1,1583,0,-83.3708,35.5896
1584,1,1584,0,-73.9075,41.0071
1585,1,1585,1,-93.166,44.7788
1586,1,1586,0,-83.4329,45.0066
1587,1,1587,0,-83.1086,42.7867
1588,1,1588,0,-72.4965,42.7464
1589,1,1589,0,-79.2776,40.1677
1590,1,1590,0,-74.9358,44.5269
1591,1,1591,0,-73.2014,41.9881
1592,1,1592,0,-69.2743,44.8866
1593,1,1593,0,-87.7809,41.6308
1594,1,1594,0,-83.0066,39.3762
1595,1,1595,0,-73.2977,43.443
1596,1,1596,0,-90.5292,38.6673
1597,1,1597,0,-94.2098,47.3126
1598,1,1598,0,-71.7025,44.7673
1599,1,1599,0,-85.2736,45.0745
1600,1,1600,0,-75.1322,40.0431
1601,1,1601,0,-76.274,41.3328
1602,1,1602,0,-86.0929,36.8849
1603,1,1603,0,-86.4301,36.0222
1604,1,1604,0,-89.481,37.4388
1605,1,1605,0,-78.9034,36.0099
1606,1,1606,0,-90.7493,42.5605
1607,1,1607,0,-71.5032,44.6803
1608,1,1608,0,-92.3705,45.3877
1609,1,1609,0,-84.4436,36.1153
1610,1,1610,0,-76.6452,39.3922
1611,1,1611,0,-77.9694,42.6664
1612,1,1612,0,-89.4812,46.0137
1613,1,1613,0,-93.4984,44.9058
1614,1,1614,0,-82.6522,39.9656
1615,1,1615,0,-78.0133,41.7282
1616,1,1616,0,-83.6893,35.941
1617,1,1617,0,-81.3064,40.969
1618,1,1618,0,-80.7542,41.468
1619,1,1619,0,-72.9836,43.4675
1620,1,1620,0,-85.2213,44.8132
1621,1,1621,0,-74.9024,44.1435
1622,1,1622,0,-69.7345,44.7544
1623,1,1623,0,-71.1911,42.0867
1624,1,1624,0,-88.2706,42.1118
1625,1,1625,0,-87.1302,46.3477
1626,1,1626,0,-84.8086,39.1206
1627,1,1627,0,-84.6398,46.4693
1628,1,1628,0,-90.6509,47.0326
1629,1,1629,0,-81.9212,35.4075
1630,1,1630,0,-74.8509,40.6199
1631,1,1631,1,-85.2989,35.0614
1632,1,1632,0,-74.996,39.8347
1633,1,1633,0,-82.1554,36.8975
1634,1,1634,0,-74.2635,44.4486
1635,1,1635,0,-85.0833,45.4928
1636,1,1636,0,-73.3989,43.6652
1637,1,1637,0,-72.7655,43.2585
1638,1,1638,0,-88.5656,45.2903
1639,1,1639,0,-70.4168,44.8177
1640,1,1640,0,-94.2028,42.5128
1641,1,1641,0,-89.7459,30.9867
1642,1,1642,0,-88.2227,34.5835
1643,1,1643,0,-84.003,35.2463
1644,1,1644,0,-71.9953,44.8032
1645,1,1645,0,-71.8754,44.6078
1646,1,1646,0,-83.2956,36.2966
1647,1,1647,0,-84.2305,39.6562
1648,1,1648,0,-92.2979,38.8795
1649,1,1649,0,-73.9701,44.294
1650,1,1650,0,-76.1575,42.9913
1651,1,1651,0,-70.3758,43.6897
1652,1,1652,0,-76.284,39.6141
1653,1,1653,0,-77.8346,42.7641
1654,1,1654,0,-86.0579,37.1491
1655,1,1655,0,-81.0446,41.7237
1656,1,1656,0,-83.0543,35.4362
1657,1,1657,0,-85.3704,44.7582
1658,1,1658,0,-70.6927,43.8738
1659,1,1659,0,-92.9774,44.904
1660,1,1660,0,-70.7078,44.0501
1661,1,1661,0,-89.2117,37.7138
1662,1,1662,0,-85.2553,44.99
1663,1,1663,0,-84.2855,37.7706
1664,1,1664,0,-87.3851,46.5877
1665,1,1665,0,-88.0636,41.2341
1666,1,1666,0,-80.5508,41.012
1667,1,1667,0,-69.6218,44.0633
1668,1,1668,0,-93.1774,46.846
1669,1,1669,0,-81.5583,41.4861
1670,1,1670,0,-92.9728,45.5138
1671,1,1671,0,-81.8337,36.7671
1672,1,1672,0,-85.4776,34.8345
1673,1,1673,0,-83.0454,35.3114
1674,1,1674,0,-89.6191,39.8736
1675,1,1675,0,-92.8003,45.7485
1676,1,1676,0,-89.3738,37.6595
1677,1,1677,0,-79.8297,38.6278
1678,1,1678,0,-86.2561,35.2213
1679,1,1679,0,-91.0832,46.1967
1680,1,1680,0,-70.3552,44.9571
1681,1,1681,0,-72.9422,42.5518
1682,1,1682,0,-91.5535,37.9577
1683,1,1683,0,-73.5112,42.0183
1684,1,1684,0,-72.9965,44.8874
1685,1,1685,0,-85.065,45.6334
1686,1,1686,0,-79.4544,37.7777
1687,1,1687,0,-71.822,44.5186
1688,1,1688,0,-71.9884,43.6594
1689,1,1689,0,-79.5857,39.9369
1690,1,1690,0,-72.0308,44.2382
1691,1,1691,0,-93.1795,35.9834
1692,1,1692,0,-88.027,41.6815
1693,1,1693,0,-75.8425,42.9788
1694,1,1694,1,-83.852,42.5416
1695,1,1695,0,-78.5371,39.6275
1696,1,1696,0,-76.2716,41.2983
1697,1,1697,0,-86.3607,36.3782
1698,1,1698,0,-72.5078,42.4566
1699,1,1699,0,-92.7256,45.5183
1700,1,1700,0,-72.6148,42.0231
1701,1,1701,0,-93.628,36.6971
1702,1,1702,0,-87.816,40.093
1703,1,1703,0,-90.85,43.3194
1704,1,1704,0,-79.6833,40.6656
1705,1,1705,0,-79.1894,40.4457
1706,1,1706,0,-79.8978,42.0042
1707,1,1707,0,-80.1206,42.1595
1708,1,1708,0,-72.2852,41.4303
1709,1,1709,0,-70.3465,43.8575
1710,1,1710,0,-85.6608,40.5784
1711,1,1711,0,-85.143,44.9016
1712,1,1712,0,-93.0081,44.8979
1713,1,1713,0,-73.6149,41.2463
1714,1,1714,0,-84.8377,46.1832
1715,1,1715,0,-89.5525,46.6686
1716,1,1716,0,-85.5161,42.7612
1717,1,1717,0,-79.0339,38.5708
1718,1,1718,0,-69.5745,44.3954
1719,1,1719,0,-75.4895,40.3298
1720,1,1720,0,-89.3554,44.9964
1721,1,1721,0,-73.3254,41.6194
1722,1,1722,0,-89.2626,45.4221
1723,1,1723,0,-80.1866,38.7505
1724,1,1724,0,-80.6498,38.7232
1725,1,1725,0,-79.6984,38.8665
1726,1,1726,0,-91.5689,38.9033
1727,1,1727,0,-90.68,38.08
1728,1,1728,0,-83.5467,38.0236
1729,1,1729,0,-72.6558,44.9083
1730,1,1730,0,-86.987,45.8947
1731,1,1731,0,-80.6552,41.8905
1732,1,1732,0,-86.0589,40.0755
1733,1,1733,0,-77.89,42.993
1734,1,1734,0,-92.8844,40.3203
1735,1,1735,0,-90.5517,38.2018
1736,1,1736,0,-83.0825,35.6061
1737,1,1737,0,-73.0831,41.3264
1738,1,1738,0,-93.0936,45.6805
1739,1,1739,0,-74.8438,42.3826
1740,1,1740,0,-82.38,34.79
1741,1,1741,0,-83,36
1742,1,1742,0,-84.2966,37.7161
1743,1,1743,0,-82.3195,37.2972
1744,1,1744,0,-84.6779,37.8231
1745,1,1745,0,-73.7051,42.7712
1746,1,1746,0,-83.834,42.462
1747,1,1747,0,-94.3836,36.7864
1748,1,1748,0,-93.7519,39.8944
1749,1,1749,0,-78.7674,35.4024
1750,1,1750,0,-84.2977,45.0777
1751,1,1751,0,-85.2538,45.1692
1752,1,1752,0,-85.6023,43.8969
1753,1,1753,0,-86.4684,44.0016
1754,1,1754,0,-83.6181,44.9244
1755,1,1755,0,-85.3212,42.2922
1756,1,1756,0,-84.8066,42.3124
1757,1,1757,0,-84.6519,42.7628
1758,1,1758,0,-85.0026,44.6915
1759,1,1759,0,-83.4571,43.2982
1760,1,1760,0,-89.1526,46.7047
1761,1,1761,0,-86.0763,42.64
1762,1,1762,0,-83.6742,42.324
1763,1,1763,0,-71.4811,42.3567
1764,1,1764,0,-85.2992,42.5253
1765,1,1765,0,-72.1924,41.764
1766,1,1766,0,-83.7644,36.1066
1767,1,1767,0,-82.4766,35.5887
1768,1,1768,0,-92.7614,45.2233
1769,1,1769,0,-93.4768,44.0877
1770,1,1770,0,-94.3917,45.0872
1771,1,1771,0,-93.738,45.101
1772,1,1772,0,-92.6539,44.0769
1773,1,1773,0,-93.3422,46.5389
1774,1,1774,0,-93.3,43.6339
1775,1,1775,0,-93.0281,44.9361
1776,1,1776,0,-93.9428,44.5625
1777,1,1777,0,-92.319,43.6237
1778,1,1778,0,-93.632,45.2069
1779,1,1779,0,-93.2638,47.901
1780,1,1780,0,-93.5569,45.9528
1781,1,1781,0,-95.7817,47.0897
1782,1,1782,0,-94.0347,44.2675
1783,1,1783,0,-92.1992,43.6379
1784,1,1784,0,-94.4633,43.5117
1785,1,1785,0,-94.4606,46.4008
1786,1,1786,0,-94.004,45.2598
1787,1,1787,0,-90.065,47.8498
1788,1,1788,0,-94.6542,45.8243
1789,1,1789,0,-93.9002,45.0142
1790,1,1790,0,-93.409,44.7246
1791,1,1791,0,-92.7706,44.8467
1792,1,1792,0,-89.7697,47.9983
1793,1,1793,0,-93.8789,45.187
1794,1,1794,0,-93.2219,44.3269
1795,1,1795,0,-93.6026,45.3928
1796,1,1796,0,-95.0825,46.5994
1797,1,1797,0,-94.7417,47.0125
1798,1,1798,0,-96.0797,47.6094
1799,1,1799,0,-95.0533,44.5822
1800,1,1800,0,-92.3392,44.5351
1801,1,1801,0,-93.2875,43.625
1802,1,1802,0,-93.5294,44.2242
1803,1,1803,0,-94.0194,44.9506
1804,1,1804,0,-95.0722,45.32
1805,1,1805,0,-95.4977,46.9839
1806,1,1806,0,-94.3778,45.6222
1807,1,1807,0,-90.9363,39.8921
1808,1,1808,0,-90.6578,39.8879
1809,1,1809,0,-90.6714,40.4773
1810,1,1810,0,-89.65,40.4333
1811,1,1811,0,-88.0333,42.0111
1812,1,1812,0,-87.5667,40.9611
1813,1,1813,0,-88.8833,42.0583
1814,1,1814,0,-89.1667,42.2611
1815,1,1815,0,-88.8472,43.5861
1816,1,1816,0,-88.8111,41.2611
1817,1,1817,0,-89.2333,40.7333
1818,1,1818,0,-90.7667,41.2167
1819,1,1819,0,-87.5444,42.1056
1820,1,1820,0,-89.2583,41.3306
1821,1,1821,0,-87.2194,40.9917
1822,1,1822,0,-89.3167,40.4667
1823,1,1823,0,-93.3056,42.8583
1824,1,1824,0,-89.6667,38.9333
1825,1,1825,0,-85.6444,42.1028
1826,1,1826,0,-73.58,42.7
1827,1,1827,0,-73.3083,41.9617
1828,1,1828,0,-75.238,40.491
1829,1,1829,0,-79.9469,33.1968
1830,1,1830,0,-75.6894,40.1604
1831,1,1831,0,-75.7882,40.2388
1832,1,1832,0,-94.1718,45.1746
1833,1,1833,0,-94.8311,47.5347
1834,1,1834,0,-93.6139,44.4333
1835,1,1835,0,-92.4984,45.9905
1836,1,1836,0,-93.4143,47.9445
1837,1,1837,0,-96.1564,47.6639
1838,1,1838,0,-91.0758,47.5659
1839,1,1839,0,-92.9089,45.608
1840,1,1840,0,-93.0105,44.262
1841,1,1841,0,-93.0236,45.2556
1842,1,1842,0,-72.4883,44.8241
1843,1,1843,0,-86.8705,36.3359
1844,1,1844,0,-84.599,45.6089
1845,1,1845,0,-84.1401,44.6307
1846,1,1846,0,-85.8895,44.2092
1847,1,1847,0,-85.7756,45.4766
1848,1,1848,0,-84.0334,41.9108
1849,1,1849,0,-86.1052,45.0108
1850,1,1850,0,-83.6126,42.2554
1851,1,1851,0,-83.4723,44.5187
1852,1,1852,0,-77.8364,38.8161
1853,1,1853,1,-70.6716,41.5276
1854,1,1854,1,-71.8149,42.3055
1855,1,1855,1,-73.3027,41.4149
1856,1,1856,1,-75.0279,39.9032
1857,1,1857,1,-77.5052,38.8989
1858,1,1858,1,-77.8683,40.8016
1859,1,1859,1,-83.7173,36.0247
1860,1,1860,1,-71.0456,42.7958
1861,1,1861,1,-75.7065,40.8295
1862,1,1862,1,-88.6647,44.1983
1863,1,1863,1,-71.3971,41.8335
1864,1,1864,1,-104.9615,39.7322
1865,1,1865,1,-97.3306,37.6861
1866,1,1866,1,-111.6484,40.247
1867,1,1867,1,-91.2308,38.599
1868,1,1868,1,-74.1198,40.7928
1869,1,1869,1,-81.6142,41.5119
1870,1,1870,1,-81.1453,41.3113
1871,1,1871,1,-76.3377,39.4443
1872,1,1872,1,-93.151,45.165
1873,1,1873,1,-85.174,35.1108
1874,1,1874,1,-70.8089,42.5646
1875,1,1875,1,-85.51,36.18
1876,1,1876,1,-88.9195,44.4645
1877,1,1877,1,-94.3452,32.7574
1878,1,1878,1,-78.4382,42.9913
1879,1,1879,1,-82.9855,39.1267
1880,1,1880,1,-72.8797,41.605
1881,1,1881,1,-71.0598,42.3584
1882,1,1882,1,-82.9989,39.9611
1883,1,1883,1,-87.616,40.1759
1884,1,1884,1,-75.1702,39.5951
1885,1,1885,1,-71.1834,41.9683
1886,1,1886,1,-94.2043,46.3512
1887,1,1887,1,-73.2036,42.7141
1888,1,1888,1,-85.826,36.0838
1889,1,1889,1,-103.8594,44.4908
1890,1,1890,1,-78.8784,42.8864
1891,1,1891,1,-73.9679,40.5883
1892,1,1892,1,-73.8172,40.6908
1893,1,1893,1,-73.8586,40.5716
1894,1,1894,1,-73.7723,40.6649
1895,1,1895,1,-73.7918,40.5973
1896,1,1896,1,-74.1996,40.5552
1897,1,1897,1,-74.0944,40.5804
1898,1,1898,1,-74.1399,40.607
1899,1,1899,1,-74.0086,40.7282
1900,1,1900,1,-71.8023,42.5834
1901,1,1901,1,-84.5179,42.114
1902,1,1902,1,-73.4717,41.4022
1903,1,1903,1,-74.1954,40.6014
1904,1,1904,1,-81.8411,38.4208
1905,1,1905,1,-88.5386,42.6724
1906,1,1906,1,-86.1046,42.7875
1907,1,1907,1,-78.5049,38.0361
1908,1,1908,1,-82.0223,38.4417
1909,1,1909,1,-78.4595,38.6654
1910,1,1910,1,-89.3002,37.4671
1911,1,1911,1,-82.6082,35.4979
1912,1,1912,1,-68.3029,44.3535
1913,1,1913,1,-87.6942,39.3922
1914,1,1914,1,-79.5437,37.6286
1915,1,1915,1,-76.1927,36.9133
1916,1,1916,1,-71.2242,42.2356
1917,1,1917,1,-77.921,38.0188
1918,1,1918,1,-85.2212,43.0908
1919,1,1919,1,-78.4322,42.0863
1920,1,1920,1,-83.8164,39.9358
1921,1,1921,1,-70.6022,43.2293
1922,1,1922,1,-82.4546,38.4114
1923,1,1923,1,-88.3973,44.2813
1924,1,1924,1,-91.3775,47.1989
1925,1,1925,1,-72.667,43.0466
1926,1,1926,1,-90.4706,38.6297
1927,1,1927,1,-76.8663,39.2225
1928,1,1928,1,-76.6953,39.307
1929,1,1929,1,-71.6515,42.8338
1930,1,1930,1,-86.2093,39.91
1931,1,1931,1,-93.4224,44.6316
1932,1,1932,1,-85.6987,42.9089
1933,1,1933,1,-90.3644,38.7166
1934,1,1934,1,-78.4544,38.0251
1935,1,1935,1,-71.0908,42.4545
1936,1,1936,1,-85.476,43.4593
1937,1,1937,1,-74.0067,40.9002
1938,1,1938,1,-84.7634,43.6051
1939,1,1939,1,-84.5974,40.866
1940,1,1940,0,-88.4588,42.312
1941,1,1941,1,-77.3628,37.3742
1942,1,1942,1,-73.3797,43.0261
1943,1,1943,1,-73.44,40.7078
1944,1,1944,1,-84.3063,33.5557
1945,1,1945,1,-82.8268,37.1184
1946,1,1946,1,-87.8915,43
1947,1,1947,1,-78.5656,35.9616
1948,1,1948,1,-88.1024,41.8662
1949,1,1949,1,-83.9909,35.7088
1950,1,1950,0,-76.874,39.3155
1951,1,1951,1,-78.6745,41.9445
1952,1,1952,1,-81.732,41.0401
1953,1,1953,1,-73.3013,44.5506
1954,1,1954,1,-91.231,43.8178
1955,1,1955,1,-93.2823,37.0525
1956,1,1956,1,-71.2924,42.5133
1957,1,1957,1,-84.5816,42.8181
1958,1,1958,1,-82.3702,39.5279
1959,1,1959,0,-82.3384,35.5887
1960,1,1960,1,-82.0169,35.6402
1961,1,1961,1,-96.2495,41.2517
1962,1,1962,1,-72.3111,43.3097
1963,1,1963,1,-83.9341,42.0091
1964,1,1964,1,-82.3442,29.6494
1965,1,1965,0,-75.7412,39.9832
1966,1,1966,1,-84.2682,33.8695
1967,1,1967,1,-85.5482,45.2094
1968,1,1968,1,-80.3857,33.9573
1969,1,1969,0,-76.8949,39.1897
1970,1,1970,1,-90.8846,46.583
1971,1,1971,1,-88.9133,40.6452
1972,1,1972,1,-72.974,44.9056
1973,1,1973,1,-91.4917,45.0989
1974,1,1974,1,-74.5361,40.0694
1975,1,1975,1,-113.988,46.8551
1976,1,1976,1,-81.7273,41.3788
1977,1,1977,1,-73.1949,42.8844
1978,1,1978,1,-89.3,43.1139
1979,1,1979,1,-87.6167,41.7444
1980,1,1980,1,-88.3583,41.7667
1981,1,1981,1,-87.6917,41.5417
1982,0,1982,0,-76.85430597,36.94569394
1983,0,1983,0,-111.8293058,45.2706939
1984,0,1984,0,-69.89597266,43.87069391
1985,0,1985,0,-82.72930594,33.40402728
1986,0,1986,0,-111.8209725,42.05402725
1987,0,1987,0,-105.9543059,42.17069392
1988,0,1988,0,-91.77930591,41.31236059
1989,0,1989,0,-123.2209724,47.67902723
1990,0,1990,0,-123.4376391,45.68736057
1991,0,1991,0,-116.9459725,40.87902725
1992,0,1992,0,-123.6209724,44.46236057
1993,0,1993,0,-112.9459725,41.37902725
1994,0,1994,0,-96.62930589,43.00402725
1995,0,1995,0,-102.0209725,45.10402724
1996,0,1996,0,-85.6209726,36.82069394
1997,0,1997,0,-76.25430597,35.69569394
1998,0,1998,0,-96.42097256,34.13736061
1999,0,1999,1,-121.8209725,38.00402727
2000,0,2000,0,-97.08763922,35.90402727
2001,0,2001,0,-115.0126391,48.83736056
2002,0,2002,0,-86.94597259,33.30402728
2003,0,2003,0,-89.32930592,44.91236057
2004,0,2004,0,-104.1376392,45.40402724
2005,0,2005,0,-117.3709725,48.18736056
2006,0,2006,0,-103.3543059,34.95402728
2007,0,2007,0,-113.3543058,39.47069393
2008,0,2008,0,-122.8876391,40.54569392
2009,0,2009,0,-71.74597266,43.00402725
2010,0,2010,0,-98.98763921,31.08736063
2011,0,2011,0,-84.26263927,33.40402728
2012,0,2012,0,-118.6126391,34.42902728
2013,0,2013,0,-114.8543058,44.62069391
2014,0,2014,0,-90.97097258,43.12069391
2015,0,2015,0,-86.71263926,39.60402726
2016,0,2016,0,-109.5043058,44.16236057
2017,0,2017,0,-102.7209725,44.50402724
2018,0,2018,0,-122.6709725,46.30402723
2019,0,2019,0,-115.5293058,37.00402727
2020,0,2020,0,-89.32930592,39.06236059
2021,0,2021,0,-101.1376392,45.68736057
2022,0,2022,0,-111.0293058,44.32069391
2023,0,2023,0,-102.9459725,45.71236057
2024,0,2024,0,-109.9043058,32.16236062
2025,0,2025,0,-99.79597254,29.5290273
2026,0,2026,0,-106.4876392,42.07902725
2027,0,2027,0,-106.3959725,44.92902724
2028,0,2028,0,-94.42097256,30.3040273
2029,0,2029,0,-103.8043059,37.8873606
2030,0,2030,0,-110.3293058,40.27902726
2031,0,2031,0,-104.8543059,45.7706939
2032,0,2032,0,-90.73763925,32.69569395
2033,0,2033,0,-106.3376392,33.49569395
2034,0,2034,0,-100.8376392,41.42069392
2035,0,2035,0,-95.35430589,32.79569395
2036,0,2036,0,-78.24597263,38.3623606
2037,0,2037,0,-96.23763922,47.85402723
2038,0,2038,0,-104.1709725,47.56236056
2039,0,2039,0,-108.6876392,44.87069391
2040,0,2040,0,-87.33763926,46.07902723
2041,0,2041,0,-87.49597259,39.77902726
2042,0,2042,0,-92.47930591,47.77902723
2043,0,2043,0,-98.97930588,32.48736062
2044,0,2044,0,-92.41263924,33.18736062
2045,0,2045,0,-107.2626392,35.85402727
2046,0,2046,0,-118.7459725,41.75402725
2047,0,2047,0,-117.5709725,38.92069393
2048,0,2048,0,-122.2459725,39.84569393
2049,0,2049,0,-85.23763927,31.26236063
2050,0,2050,0,-119.6376391,35.00402728
2051,0,2051,0,-106.7293058,37.67069393
2052,0,2052,0,-94.72097256,32.63736062
2053,0,2053,0,-98.82097255,29.88736063
2054,0,2054,0,-88.12930592,41.17069392
2055,0,2055,0,-111.7959725,37.47069393
2056,0,2056,0,-98.24597255,33.00402729
2057,0,2057,0,-122.6709725,40.58736059
2058,0,2058,0,-104.7376392,36.17902727
2059,0,2059,1,-77.4126393,38.47069393
2060,0,2060,0,-86.78763926,34.41236061
2061,0,2061,0,-87.76263926,36.13736061
2062,0,2062,0,-122.6709725,43.86236058
2063,0,2063,0,-89.47097258,42.98736058
2064,0,2064,0,-81.85430595,39.96236059
2065,0,2065,0,-105.5126392,48.85402722
2066,0,2066,0,-102.9293059,38.10402727
2067,0,2067,0,-93.7793059,44.85402724
2068,0,2068,0,-70.72097266,44.72902724
2069,0,2069,0,-95.48763923,47.90402723
2070,0,2070,0,-98.69597255,30.43736063
2071,0,2071,0,-88.63763925,33.22069395
2072,0,2072,0,-90.85430591,36.54569394
2073,0,2073,0,-90.32097258,46.4706939
2074,0,2074,0,-117.8459725,37.2373606
2075,0,2075,0,-79.74597262,35.65402728
2076,0,2076,0,-122.2459725,41.02902725
2077,0,2077,0,-112.9043058,48.10402723
2078,0,2078,0,-107.5959725,46.68736056
2079,0,2079,0,-75.37097264,40.97902725
2080,0,2080,0,-116.8626391,35.68736061
2081,0,2081,0,-104.5876392,38.5123606
2082,0,2082,0,-95.30430589,34.20402728
2083,0,2083,0,-99.52930588,42.09569392
2084,0,2084,0,-103.0293059,33.92902728
2085,0,2085,0,-111.8459725,38.95402726
2086,0,2086,0,-87.71263926,39.10402726
2087,0,2087,0,-104.2376392,48.81236056
2088,0,2088,0,-120.6293058,42.24569392
2089,0,2089,0,-100.2626392,36.49569394
2090,0,2090,1,-85.80430593,38.29569393
2091,0,2091,0,-96.61263922,40.44569392
2092,0,2092,0,-105.1543059,40.64569392
2093,0,2093,0,-111.2543058,32.01236062
2094,0,2094,0,-115.8126391,42.52902725
2095,0,2095,0,-115.9709725,48.63736056
2096,0,2096,0,-92.15430591,43.49569391
2097,0,2097,0,-106.8876392,33.97069395
2098,0,2098,0,-120.1376391,42.94569391
2099,0,2099,0,-83.23763928,40.77069392
2100,0,2100,0,-79.21263929,38.42069393
2101,0,2101,0,-117.1793058,35.14569394
2102,0,2102,0,-95.77930589,40.21236059
2103,0,2103,0,-75.53763931,39.96236059
2104,0,2104,0,-113.5376392,36.49569394
2105,0,2105,0,-94.14597257,40.23736059
2106,0,2106,0,-95.87930589,44.08736057
2107,0,2107,0,-84.67930594,30.31236063
2108,0,2108,0,-115.8876391,43.66236058
2109,0,2109,0,-109.1626392,36.99569394
2110,0,2110,0,-94.24597257,29.86236063
2111,0,2111,0,-97.41263922,42.86236058
2112,0,2112,0,-77.82930596,40.67069392
2113,0,2113,0,-114.8376391,36.53736061
2114,0,2114,0,-90.99597258,31.08736063
2115,0,2115,0,-74.97930598,40.66236059
2116,0,2116,0,-110.8126392,37.32902727
2117,0,2117,0,-101.3459725,37.5623606
2118,0,2118,0,-84.24597261,46.30402723
2119,0,2119,0,-112.3709725,37.50402727
2120,0,2120,0,-74.67097264,40.45402726
2121,0,2121,0,-110.9793058,36.6373606
2122,0,2122,0,-102.8209725,32.56236062
2123,0,2123,0,-80.96263929,32.00402729
2124,0,2124,0,-82.41263928,32.34569396
2125,0,2125,1,-97.66263922,28.37069397
2126,0,2126,0,-96.44597256,44.9206939
2127,0,2127,0,-85.3459726,42.63736058
2128,0,2128,0,-95.17097256,36.8373606
2129,0,2129,0,-84.22097261,36.90402727
2130,0,2130,0,-113.9459725,38.07902727
2131,0,2131,0,-110.9543058,35.47069394
2132,0,2132,0,-81.52097262,30.86236063
2133,0,2133,0,-101.2709725,40.70402726
2134,0,2134,0,-114.0543058,45.02902724
2135,0,2135,0,-80.60430595,27.91236064
2136,0,2136,0,-120.1293058,40.83736059
2137,0,2137,0,-110.4043058,38.50402726
2138,0,2138,0,-94.53763923,39.08736059
2139,0,2139,0,-101.7793059,47.67069389
2140,0,2140,0,-77.20430597,37.07902727
2141,0,2141,0,-92.41263924,31.25402729
2142,0,2142,0,-84.07097261,43.45402724
2143,0,2143,0,-119.5209725,39.07069393
2144,0,2144,0,-75.07097264,41.97069392
2145,0,2145,1,-122.2209725,47.72902723
2146,0,2146,0,-77.47097263,39.23736059
2147,0,2147,0,-113.1543058,41.45402725
2148,0,2148,0,-106.7043058,47.05402723
2149,0,2149,0,-99.37097254,44.14569391
2150,0,2150,0,-115.8043058,47.96236056
2151,0,2151,0,-104.9959725,39.02069393
2152,0,2152,0,-100.2376392,48.17902723
2153,0,2153,0,-87.67930592,37.6123606
2154,0,2154,0,-88.57930592,42.06236058
2155,0,2155,1,-91.26263924,47.2956939
2156,0,2156,0,-109.1209725,46.30402723
2157,0,2157,0,-98.87097255,29.11236063
2158,0,2158,0,-111.1959725,36.52069394
2159,0,2159,0,-95.94597256,36.9373606
2160,0,2160,1,-78.92097263,35.98736061
2161,0,2161,0,-99.49597254,39.92902726
2162,0,2162,0,-93.02097257,35.44569394
2163,0,2163,0,-104.5876392,36.36236061
2164,0,2164,0,-96.47097256,33.87902728
2165,0,2165,0,-92.27097257,47.82069389
2166,0,2166,0,-88.19597259,46.6206939
2167,0,2167,0,-114.5626392,45.35402724
2168,0,2168,0,-102.7626392,45.5956939
2169,0,2169,0,-84.02930594,33.40402728
2170,0,2170,0,-118.6793058,36.27069394
2171,0,2171,0,-110.0876392,32.07069396
2172,0,2172,0,-105.6043059,39.87069393
2173,0,2173,0,-114.5459725,42.51236058
2174,0,2174,0,-97.42097255,39.66236059
2175,0,2175,0,-113.9459725,39.17069393
2176,0,2176,0,-99.83763921,40.21236059
2177,0,2177,0,-70.75430599,43.16236058
2178,0,2178,0,-87.07097259,33.83736062
2179,0,2179,0,-82.90430594,39.0373606
2180,0,2180,0,-122.7043058,39.63736059
2181,0,2181,0,-83.81263927,37.8623606
2182,0,2182,0,-110.7543058,32.72069395
2183,0,2183,0,-112.2709725,43.16236058
2184,0,2184,0,-90.34597258,39.61236059
2185,0,2185,0,-76.6876393,42.43736058
2186,0,2186,0,-92.8293059,34.02069395
2187,0,2187,0,-100.4876392,34.96236061
2188,0,2188,0,-123.7626391,39.27902726
2189,0,2189,0,-121.0876391,41.39569392
2190,0,2190,0,-88.67097259,42.46236058
2191,0,2191,0,-106.8209725,42.68736058
2192,0,2192,0,-112.7459725,40.69569392
2193,0,2193,0,-100.1876392,34.38736061
2194,0,2194,0,-103.2959725,30.4540273
2195,0,2195,0,-91.06263924,37.32069394
2196,0,2196,0,-103.5293059,31.31236063
2197,0,2197,0,-86.75430593,39.94569392
2198,0,2198,0,-98.92930588,37.2873606
2199,0,2199,0,-122.3376391,48.15402723
2200,0,2200,0,-112.0376392,37.7623606
2201,0,2201,0,-93.0543059,33.15402729
2202,0,2202,0,-98.00430588,32.38736062
2203,0,2203,0,-82.82097261,40.57902726
2204,0,2204,0,-104.2043059,39.83736059
2205,0,2205,1,-74.15430598,41.09569392
2206,0,2206,0,-105.7126392,40.97069392
2207,0,2207,0,-96.47930589,38.09569393
2208,0,2208,0,-90.57930591,40.57902726
2209,0,2209,0,-100.7209725,42.04569392
2210,0,2210,0,-80.19597262,32.76236062
2211,0,2211,0,-87.58763926,46.4456939
2212,0,2212,0,-85.6209726,30.57069396
2213,0,2213,0,-94.46263923,38.45402726
2214,0,2214,0,-113.9293058,40.87069392
2215,0,2215,0,-98.36263922,33.08736062
2216,0,2216,0,-76.52930597,42.98736058
2217,0,2217,0,-91.35430591,37.72069393
2218,0,2218,0,-89.62930592,32.52069395
2219,0,2219,0,-115.1043058,43.91236058
2220,0,2220,0,-102.2126392,45.90402723
2221,0,2221,0,-112.3459725,47.93736056
2222,0,2222,0,-82.72097261,39.21236059
2223,0,2223,0,-118.8209725,39.28736059
2224,0,2224,0,-97.47930589,36.18736061
2225,0,2225,0,-99.77930588,30.63736063
2226,0,2226,0,-114.8126391,34.07902728
2227,0,2227,1,-80.37097262,27.24569398
2228,0,2228,0,-79.14597263,39.37902726
2229,0,2229,0,-112.9959725,36.65402727
2230,0,2230,0,-100.1626392,47.40402723
2231,0,2231,0,-122.4959725,46.25402723
2232,0,2232,0,-76.42930597,41.27902725
2233,0,2233,0,-94.1043059,39.82069393
2234,0,2234,0,-102.0293059,43.90402724
2235,0,2235,0,-113.7959725,38.0123606
2236,0,2236,0,-82.71263928,38.97069393
2237,0,2237,0,-109.4543058,31.97902729
2238,0,2238,0,-90.90430591,45.73736057
2239,0,2239,0,-95.73763923,34.77902728
2240,0,2240,0,-113.8626392,45.70402724
2241,0,2241,0,-83.58763927,35.96236061
2242,0,2242,0,-89.96263925,29.83736063
2243,0,2243,0,-94.1043059,48.02902723
2244,0,2244,0,-100.3793059,37.89569393
2245,0,2245,0,-82.89597261,41.04569392
2246,0,2246,0,-78.04597263,34.15402728
2247,0,2247,0,-75.20430597,44.32902724
2248,0,2248,0,-96.65430589,40.57069392
2249,0,2249,0,-96.61263922,28.5290273
2250,0,2250,0,-78.75430596,42.58736058
2251,0,2251,0,-88.41263926,42.74569391
2252,0,2252,0,-74.74597264,42.61236058
2253,0,2253,0,-100.1459725,37.3123606
2254,0,2254,0,-108.8793058,48.77069389
2255,0,2255,0,-84.20430594,44.08736057
2256,0,2256,0,-71.79597266,44.66236057
2257,0,2257,0,-116.1459725,38.50402726
2258,0,2258,0,-68.254306,45.32902724
2259,0,2259,0,-79.09597263,34.78736061
2260,0,2260,0,-118.1793058,44.9706939
2261,0,2261,0,-84.63763927,41.56236058
2262,0,2262,0,-77.49597263,37.70402727
2263,0,2263,0,-113.1126392,33.45402728
2264,0,2264,0,-96.87097255,41.56236058
2265,0,2265,0,-86.7459726,37.5623606
2266,0,2266,0,-109.7043058,48.42902722
2267,0,2267,0,-120.3126391,46.62902723
2268,0,2268,0,-122.5126391,40.90402725
2269,0,2269,0,-78.84597263,43.26236058
2270,0,2270,0,-105.5293059,35.69569394
2271,0,2271,0,-99.37097254,48.52069389
2272,0,2272,0,-109.0459725,31.39569396
2273,0,2273,0,-114.4209725,38.47902726
2274,0,2274,0,-102.6209725,39.17069393
2275,0,2275,0,-77.97097263,39.92069392
2276,0,2276,0,-105.1293059,46.7456939
2277,0,2277,0,-121.0959725,40.47069392
2278,0,2278,0,-118.7793058,38.5873606
2279,0,2279,0,-95.03763923,30.4540273
2280,0,2280,0,-88.34597259,38.5123606
2281,0,2281,0,-116.6043058,41.64569392
2282,0,2282,0,-114.9793058,36.26236061
2283,0,2283,0,-92.8543059,30.3540273
2284,0,2284,0,-79.62097262,35.88736061
2285,0,2285,0,-82.73763928,31.30402729
2286,0,2286,0,-97.03763922,30.1540273
2287,0,2287,0,-122.8043058,41.02069392
2288,0,2288,0,-91.87930591,42.95402725
2289,0,2289,0,-86.95430593,46.42902723
2290,0,2290,0,-97.26263922,33.18736062
2291,0,2291,0,-104.9043059,44.43736057
2292,0,2292,0,-109.1043058,47.47902723
2293,0,2293,0,-83.62930594,35.12902728
2294,0,2294,0,-86.67930593,32.29569396
2295,0,2295,0,-100.3959725,43.04569391
2296,0,2296,0,-106.8543058,39.20402726
2297,0,2297,0,-99.26263921,44.37069391
2298,0,2298,0,-102.4876392,38.2873606
2299,0,2299,0,-96.84597255,30.6790273
2300,0,2300,0,-98.71263921,44.47069391
2301,0,2301,0,-101.3126392,40.93736059
2302,0,2302,0,-109.1209725,47.44569389
2303,0,2303,0,-84.26263927,35.76236061
2304,0,2304,0,-112.2376392,40.19569392
2305,0,2305,0,-93.98763923,39.10402726
2306,0,2306,0,-120.2293058,35.07902728
2307,0,2307,0,-107.9459725,46.12902723
2308,0,2308,0,-121.6626391,37.87069393
2309,0,2309,0,-95.75430589,30.12069396
2310,0,2310,0,-108.0293058,33.57069395
2311,0,2311,0,-73.56263931,44.82069391
2312,0,2312,0,-108.6626392,39.98736059
2313,0,2313,1,-105.8459725,46.41236057
2314,0,2314,0,-84.3709726,30.97902729
2315,0,2315,0,-116.3543058,36.31236061
2316,0,2316,0,-72.19597265,43.27069391
2317,0,2317,0,-117.9043058,36.47902727
2318,0,2318,0,-83.01263928,29.4290273
2319,0,2319,0,-111.1459725,38.30402726
2320,0,2320,0,-103.1126392,35.62069394
2321,0,2321,0,-81.82930595,41.33736059
2322,0,2322,0,-93.7543059,37.19569394
2323,0,2323,0,-121.4959725,39.58736059
2324,0,2324,0,-108.2876392,33.79569395
2325,0,2325,0,-96.82930589,44.15402724
2326,0,2326,0,-117.4709725,38.57069393
2327,0,2327,0,-110.9376392,46.96236056
2328,0,2328,0,-118.1459725,46.03736057
2329,0,2329,0,-77.05430597,42.69569391
2330,0,2330,0,-89.11263925,46.30402723
2331,0,2331,0,-124.1376391,48.17902723
2332,0,2332,0,-115.7793058,40.06236059
2333,0,2333,0,-71.87930599,42.98736058
2334,0,2334,0,-113.0293058,48.29569389
2335,0,2335,1,-82.72930594,27.92902731
2336,0,2336,0,-114.2793058,42.26236058
2337,0,2337,0,-90.54597258,34.35402728
2338,0,2338,0,-88.36263926,32.25402729
2339,0,2339,0,-110.8626392,44.67902724
2340,0,2340,0,-87.48763926,45.3956939
2341,0,2341,0,-102.7959725,48.75402722
2342,0,2342,0,-101.5126392,37.32902727
2343,0,2343,0,-98.53763921,31.25402729
2344,0,2344,0,-77.57930597,40.07902726
2345,0,2345,0,-97.21263922,30.22069396
2346,0,2346,0,-102.0376392,36.33736061
2347,0,2347,0,-85.90430593,44.48736057
2348,0,2348,0,-95.87930589,36.37069394
2349,0,2349,0,-103.3293059,46.1706939
2350,0,2350,0,-114.1709725,43.72069391
2351,0,2351,0,-85.7959726,40.27069392
2352,0,2352,0,-110.0209725,38.59569393
2353,0,2353,0,-115.3209725,39.97069392
2354,0,2354,0,-121.2959725,43.03736058
2355,0,2355,0,-105.2209725,43.92069391
2356,0,2356,0,-120.7126391,35.82069394
2357,0,2357,0,-83.34597261,44.79569391
2358,0,2358,0,-102.5959725,48.47069389
2359,0,2359,0,-105.8209725,39.17069393
2360,0,2360,0,-96.24597256,43.50402724
2361,0,2361,0,-112.5793058,42.86236058
2362,0,2362,0,-76.04597264,40.60402726
2363,0,2363,0,-90.38763925,33.66236062
2364,0,2364,0,-95.42097256,43.74569391
2365,0,2365,0,-86.05430593,43.29569391
2366,0,2366,0,-82.17097261,35.62902728
2367,0,2367,0,-105.3043059,39.73736059
2368,0,2368,0,-110.1959725,47.45402723
2369,0,2369,0,-98.92930588,37.9873606
2370,0,2370,0,-105.3209725,36.09569394
2371,0,2371,0,-72.72097265,42.28736058
2372,0,2372,0,-91.60430591,31.15402729
2373,0,2373,0,-76.42097264,36.17902727
2374,0,2374,0,-86.0209726,44.42069391
2375,0,2375,0,-70.22930599,44.95402724
2376,0,2376,0,-79.32097262,34.48736061
2377,0,2377,0,-84.4709726,44.06236057
2378,0,2378,0,-119.1459725,37.94569393
2379,0,2379,1,-87.66263926,41.87069392
2380,0,2380,0,-89.18763925,45.86236057
2381,0,2381,0,-101.5876392,31.13736063
2382,0,2382,0,-102.9209725,42.17902725
2383,0,2383,0,-91.66263924,42.31236058
2384,0,2384,0,-87.24597259,33.10402729
2385,0,2385,0,-90.35430591,34.84569395
2386,0,2386,0,-100.7626392,45.0706939
2387,0,2387,0,-98.57097255,40.70402726
2388,0,2388,1,-81.20430595,29.58736063
2389,0,2389,0,-105.0126392,46.21236057
2390,0,2390,0,-122.2959725,44.58736057
2391,0,2391,0,-93.26263924,37.04569394
2392,0,2392,0,-77.8626393,42.30402725
2393,0,2393,1,-83.38763928,39.22902726
2394,0,2394,0,-117.6293058,43.65402724
2395,0,2395,0,-90.37097258,31.41236063
2396,0,2396,0,-97.30430589,42.32902725
2397,0,2397,0,-101.8626392,39.02902726
2398,0,2398,0,-94.04597257,30.6790273
2399,0,2399,0,-91.66263924,35.11236061
2400,0,2400,0,-92.21263924,41.56236058
2401,0,2401,0,-105.6793059,36.92069394
2402,0,2402,1,-71.38763932,41.72902725
2403,0,2403,0,-101.6709725,31.07902729
2404,0,2404,0,-111.6959725,37.37902727
2405,0,2405,0,-117.1209725,34.80402728
2406,0,2406,0,-104.2459725,40.77902725
2407,0,2407,0,-96.77097256,34.71236061
2408,0,2408,0,-98.31263922,30.63736063
2409,0,2409,0,-100.4126392,31.90402729
2410,0,2410,0,-79.27097263,36.92069394
2411,0,2411,0,-94.31263923,38.3873606
2412,0,2412,0,-87.99597259,31.21236063
2413,0,2413,0,-92.21263924,43.44569391
2414,0,2414,0,-109.6543058,48.79569389
2415,0,2415,0,-68.22097267,47.1456939
2416,0,2416,0,-100.6459725,34.18736061
2417,0,2417,0,-113.4209725,41.64569392
2418,0,2418,0,-99.78763921,29.73736063
2419,0,2419,0,-87.33763926,30.54569396
2420,0,2420,0,-102.0376392,36.55402727
2421,0,2421,0,-116.3793058,39.67902726
2422,0,2422,0,-99.20430588,39.25402726
2423,0,2423,0,-86.6209726,39.06236059
2424,0,2424,0,-109.1626392,44.03736058
2425,0,2425,0,-97.61263922,30.27069396
2426,0,2426,0,-84.7459726,40.98736059
2427,0,2427,0,-120.1293058,44.73736057
2428,0,2428,0,-90.61263925,46.33736057
2429,0,2429,0,-97.86263922,37.70402727
2430,0,2430,0,-81.56263928,26.62069398
2431,0,2431,0,-85.9459726,39.67902726
2432,0,2432,0,-80.09597262,40.66236059
2433,0,2433,0,-92.52930591,32.16236062
2434,0,2434,0,-101.9709725,36.84569394
2435,0,2435,0,-80.17930595,41.61236058
2436,0,2436,0,-92.8793059,32.30402729
2437,0,2437,0,-85.45430593,43.85402724
2438,0,2438,0,-100.5959725,41.37069392
2439,0,2439,1,-73.18763932,40.77069392
2440,0,2440,0,-104.6209725,31.96236062
2441,0,2441,0,-84.24597261,41.69569392
2442,0,2442,0,-74.70430598,42.69569391
2443,0,2443,0,-100.8626392,48.08736056
2444,0,2444,0,-123.4459724,40.71236059
2445,0,2445,0,-94.51263923,44.66236057
2446,0,2446,0,-87.54597259,44.74569391
2447,0,2447,0,-117.3626391,37.99569393
2448,0,2448,0,-92.25430591,31.88736062
2449,0,2449,0,-119.8459725,43.95402724
2450,0,2450,0,-94.71263923,42.35402725
2451,0,2451,0,-84.27097261,30.5540273
2452,0,2452,0,-103.7459725,45.4456939
2453,0,2453,0,-84.87930594,43.09569391
2454,0,2454,0,-92.28763924,37.20402727
2455,0,2455,0,-116.9709725,46.7456939
2456,0,2456,0,-89.13763925,39.74569393
2457,0,2457,0,-90.01263925,44.35402724
2458,0,2458,0,-73.68763931,42.91236058
2459,0,2459,0,-99.95430588,30.0790273
2460,0,2460,0,-110.4876392,38.4373606
2461,0,2461,0,-86.98763926,37.39569393
2462,0,2462,0,-86.1209726,41.37902725
2463,0,2463,0,-123.7793058,42.47902725
2464,0,2464,0,-95.72930589,45.6456939
2465,0,2465,0,-98.67097255,27.27902731
2466,0,2466,0,-77.62930597,35.85402727
2467,0,2467,0,-92.67097257,37.85402727
2468,0,2468,0,-118.1376391,40.31236059
2469,0,2469,0,-90.27097258,43.54569391
2470,0,2470,0,-116.3459725,39.94569392
2471,0,2471,0,-116.8626391,40.01236059
2472,0,2472,0,-118.2793058,41.62069392
2473,0,2473,0,-107.5209725,40.00402726
2474,0,2474,0,-93.21263924,33.97902728
2475,0,2475,0,-106.4209725,40.29569392
2476,0,2476,0,-88.93763925,39.27069393
2477,0,2477,0,-114.0543058,36.18736061
2478,0,2478,0,-112.0043058,48.13736056
2479,0,2479,0,-103.9543059,30.71236063
2480,0,2480,0,-84.87930594,40.02902726
2481,0,2481,0,-80.37097262,34.70402728
2482,0,2482,0,-104.6376392,42.20402725
2483,0,2483,0,-109.5876392,37.40402727
2484,0,2484,0,-80.83763929,38.97069393
2485,0,2485,0,-104.8043059,34.80402728
2486,0,2486,0,-75.48763931,39.0373606
2487,0,2487,0,-73.37930598,41.78736058
2488,0,2488,0,-85.65430593,36.67902727
2489,0,2489,0,-103.4959725,48.24569389
2490,0,2490,0,-77.7376393,37.42902727
2491,0,2491,0,-106.5543058,43.88736058
2492,0,2492,0,-111.8626392,47.67069389
2493,0,2493,0,-88.23763926,44.88736057
2494,0,2494,0,-117.8459725,41.80402725
2495,0,2495,0,-92.16263924,35.82902727
2496,0,2496,0,-113.6959725,40.88736059
2497,0,2497,0,-117.5293058,46.43736057
2498,0,2498,0,-123.6793058,45.91236057
2499,0,2499,0,-100.5376392,43.62069391
2500,0,2500,0,-88.00430592,39.48736059
2501,0,2501,0,-105.3209725,45.85402723
2502,0,2502,0,-76.6626393,40.86236059
2503,0,2503,0,-123.8459724,48.07069389
2504,0,2504,0,-86.20430593,36.05402727
2505,0,2505,0,-119.5459725,46.6206939
2506,0,2506,0,-116.3209725,43.28736058
2507,0,2507,0,-79.18763929,34.05402728
2508,0,2508,0,-96.57097256,40.85402725
2509,0,2509,0,-99.58763921,42.70402725
2510,0,2510,0,-119.4376391,38.92902726
2511,0,2511,0,-118.8293058,39.19569393
2512,0,2512,0,-113.8459725,34.27069395
2513,0,2513,0,-108.6126392,42.07902725
2514,0,2514,0,-117.3543058,38.07902727
2515,0,2515,0,-109.5543058,43.97902724
2516,0,2516,0,-110.8543058,40.47902726
2517,0,2517,0,-95.72930589,30.73736063
2518,0,2518,0,-97.87097255,45.36236057
2519,0,2519,0,-121.0209725,48.83736056
2520,0,2520,0,-110.2709725,37.92069393
2521,0,2521,0,-82.13763928,32.13736062
2522,0,2522,0,-123.0126391,47.0956939
2523,0,2523,0,-121.1043058,36.6373606
2524,0,2524,0,-101.8376392,35.92069394
2525,0,2525,0,-110.7876392,45.76236057
2526,0,2526,0,-122.8876391,40.72069392
2527,0,2527,0,-98.69597255,40.82902725
2528,0,2528,0,-82.60430595,37.64569393
2529,0,2529,0,-85.42930593,39.34569393
2530,0,2530,0,-96.58763922,29.52069397
2531,0,2531,0,-121.7459725,42.68736058
2532,0,2532,0,-90.41263925,33.37902728
2533,0,2533,0,-120.4293058,42.92902725
2534,0,2534,0,-99.07097255,42.89569391
2535,0,2535,0,-95.67930589,43.97069391
2536,0,2536,0,-94.68763923,38.70402726
2537,0,2537,0,-119.6626391,34.65402728
2538,0,2538,0,-118.3376391,36.95402727
2539,0,2539,0,-93.54597257,38.2123606
2540,0,2540,0,-100.1043059,29.93736063
2541,0,2541,0,-78.74597263,34.07069395
2542,0,2542,0,-107.7209725,44.62069391
2543,0,2543,0,-104.8209725,47.95402723
2544,0,2544,0,-78.66263929,43.19569391
2545,0,2545,0,-120.5543058,34.55402728
2546,0,2546,0,-106.1793059,36.02902727
2547,0,2547,0,-74.77097264,43.87902724
2548,0,2548,0,-113.8459725,40.62902726
2549,0,2549,0,-95.47930589,48.06236056
2550,0,2550,0,-85.9209726,36.48736061
2551,0,2551,0,-111.0793058,46.86236056
2552,0,2552,0,-110.1126392,47.87069389
2553,0,2553,0,-85.2459726,43.91236058
2554,0,2554,0,-103.0959725,30.33736063
2555,0,2555,0,-81.35430595,35.50402728
2556,0,2556,0,-94.9793059,44.9206939
2557,0,2557,0,-104.5543059,48.27902722
2558,0,2558,0,-103.5293059,39.35402726
2559,0,2559,0,-97.67930588,28.94569397
2560,0,2560,0,-98.73763921,27.87902731
2561,0,2561,0,-83.33763928,39.21236059
2562,0,2562,0,-82.67097261,43.12069391
2563,0,2563,0,-115.7793058,36.72902727
2564,0,2564,0,-86.11263926,41.64569392
2565,0,2565,0,-104.5709725,42.81236058
2566,0,2566,0,-98.43763922,30.53736063
2567,0,2567,0,-88.83763925,30.42069396
2568,0,2568,0,-75.01263931,44.66236057
2569,0,2569,0,-105.4209725,37.1873606
2570,0,2570,0,-85.42930593,30.7040273
2571,0,2571,0,-106.3043059,43.93736058
2572,0,2572,0,-96.14597256,43.02902725
2573,0,2573,0,-106.0543059,41.74569392
2574,0,2574,0,-105.0293059,30.89569396
2575,0,2575,0,-91.17930591,47.57902723
2576,0,2576,0,-114.4209725,39.97902726
2577,0,2577,0,-122.1376391,42.92902725
2578,0,2578,0,-107.4043058,44.04569391
2579,0,2579,0,-102.1293059,30.09569396
2580,0,2580,0,-85.8959726,40.62902726
2581,0,2581,0,-83.24597261,34.97069394
2582,0,2582,0,-91.14597258,34.93736061
2583,0,2583,0,-86.41263926,35.00402728
2584,0,2584,0,-87.97097259,35.63736061
2585,0,2585,0,-114.6793058,48.34569389
2586,0,2586,0,-87.42097259,45.5706939
2587,0,2587,0,-78.58763929,42.30402725
2588,0,2588,0,-78.14597263,38.2873606
2589,0,2589,0,-80.11263929,34.56236061
2590,0,2590,0,-95.18763923,39.95402726
2591,0,2591,0,-124.0959724,41.03736059
2592,0,2592,0,-94.38763923,33.55402728
2593,0,2593,0,-81.61263928,37.80402727
2594,0,2594,0,-111.4043058,39.0123606
2595,0,2595,0,-106.5126392,44.9706939
2596,0,2596,0,-114.9209725,33.02902729
2597,0,2597,0,-97.42930589,36.67069394
2598,0,2598,0,-98.97097255,32.64569395
2599,0,2599,0,-96.30430589,31.78736062
2600,0,2600,0,-116.2043058,44.58736057
2601,0,2601,0,-120.1959725,35.70402728
2602,0,2602,0,-109.5626392,31.40402729
2603,0,2603,0,-73.38763932,43.21236058
2604,0,2604,0,-102.4626392,48.80402722
2605,0,2605,0,-120.5293058,38.5623606
2606,0,2606,0,-98.77930588,44.52069391
2607,0,2607,0,-80.89597262,34.08736061
2608,0,2608,0,-100.9126392,31.34569396
2609,0,2609,0,-116.3043058,37.3623606
2610,0,2610,0,-121.0876391,35.96236061
2611,0,2611,0,-85.31263927,33.90402728
2612,0,2612,0,-82.49597261,34.29569395
2613,0,2613,0,-99.29597255,44.62902724
2614,0,2614,0,-107.2293058,39.90402726
2615,0,2615,0,-120.3626391,42.98736058
2616,0,2616,0,-81.08763928,38.17902727
2617,0,2617,0,-104.3459725,33.31236062
2618,0,2618,0,-98.11263922,36.87902727
2619,0,2619,0,-121.3543058,39.79569393
2620,0,2620,0,-69.69597266,46.2706939
2621,0,2621,0,-93.66263923,34.67069395
2622,0,2622,0,-80.47097262,37.17902727
2623,0,2623,0,-108.2709725,36.13736061
2624,0,2624,0,-103.9626392,32.88736062
2625,0,2625,0,-97.11263922,42.87069391
2626,0,2626,0,-94.08763923,46.65402723
2627,0,2627,0,-85.26263927,38.82069393
2628,0,2628,0,-93.93763923,45.10402724
2629,0,2629,0,-117.1459725,34.86236061
2630,0,2630,0,-100.1209725,36.45402727
2631,0,2631,0,-75.76263931,43.11236058
2632,0,2632,0,-94.34597256,44.57902724
2633,0,2633,0,-98.53763921,36.01236061
2634,0,2634,0,-88.00430592,36.21236061
2635,0,2635,0,-95.29597256,38.42069393
2636,0,2636,0,-115.3376391,43.68736058
2637,0,2637,0,-96.41263922,44.39569391
2638,0,2638,0,-94.6543059,41.11236059
2639,0,2639,0,-99.10430588,31.56236062
2640,0,2640,0,-81.42097262,31.23736063
2641,0,2641,0,-107.3293058,32.03736062
2642,0,2642,0,-83.97097261,38.82902726
2643,0,2643,0,-110.8626392,39.97902726
2644,0,2644,0,-115.5709725,41.49569392
2645,0,2645,0,-88.42930592,44.95402724
2646,0,2646,0,-80.68763929,26.95402731
2647,0,2647,0,-76.5376393,42.16236058
2648,0,2648,0,-86.38763926,35.02069394
2649,0,2649,0,-118.3209725,43.67902724
2650,0,2650,0,-112.5709725,37.39569393
2651,0,2651,0,-103.3043059,37.1123606
2652,0,2652,0,-97.01263922,33.27902728
2653,0,2653,0,-99.60430588,39.79569393
2654,0,2654,0,-94.4293059,34.30402728
2655,0,2655,0,-89.37097258,38.54569393
2656,0,2656,0,-109.9043058,32.82902729
2657,0,2657,0,-90.16263925,36.07902727
2658,0,2658,0,-108.7543058,34.74569395
2659,0,2659,0,-79.52097262,34.71236061
2660,0,2660,0,-91.82930591,30.14569396
2661,0,2661,0,-89.00430592,43.84569391
2662,0,2662,0,-90.23763925,46.60402723
2663,0,2663,0,-88.13763926,42.96236058
2664,0,2664,0,-105.0626392,34.41236061
2665,0,2665,0,-87.27930593,35.64569394
2666,0,2666,0,-91.36263924,34.02902728
2667,0,2667,0,-118.4626391,44.85402724
2668,0,2668,0,-99.64597254,34.32069395
2669,0,2669,0,-67.48763934,44.82069391
2670,0,2670,0,-81.11263928,27.58736064
2671,0,2671,0,-104.2376392,46.4456939
2672,0,2672,0,-102.6626392,30.84569396
2673,0,2673,0,-102.9376392,33.46236062
2674,0,2674,0,-85.92930593,31.75402729
2675,0,2675,0,-95.92097256,30.77069396
2676,0,2676,0,-108.7126392,34.10402728
2677,0,2677,0,-107.1126392,38.42069393
2678,0,2678,0,-84.86263927,29.86236063
2679,0,2679,0,-104.0126392,34.87069395
2680,0,2680,0,-85.23763927,43.87069391
2681,0,2681,0,-93.8043059,45.10402724
2682,0,2682,0,-89.51263925,37.02069394
2683,0,2683,0,-106.8876392,43.70402724
2684,0,2684,0,-121.2876391,37.72902727
2685,0,2685,0,-107.0876392,34.02069395
2686,0,2686,0,-103.2793059,40.81236059
2687,0,2687,0,-91.17097258,37.22902727
2688,0,2688,0,-93.01263924,35.02069394
2689,0,2689,0,-111.1876392,44.04569391
2690,0,2690,0,-105.2793059,43.05402725
2691,0,2691,0,-94.87097256,36.64569394
2692,0,2692,0,-76.50430597,40.77902725
2693,0,2693,0,-103.9043059,34.02069395
2694,0,2694,0,-92.7793059,33.87069395
2695,0,2695,0,-89.59597258,43.41236058
2696,0,2696,0,-82.37930595,37.9623606
2697,0,2697,0,-98.81263921,43.01236058
2698,0,2698,0,-88.17097259,44.64569391
2699,0,2699,0,-73.98763931,41.70402725
2700,0,2700,0,-118.7126391,38.57069393
2701,0,2701,0,-107.4459725,45.1706939
2702,0,2702,0,-104.7043059,32.96236062
2703,0,2703,0,-120.5876391,45.52902724
2704,0,2704,0,-80.08763929,36.72069394
2705,0,2705,0,-110.4043058,32.46236062
2706,0,2706,0,-79.48763929,35.37069394
2707,0,2707,0,-94.0043059,33.69569395
2708,0,2708,0,-122.1959725,37.9373606
2709,0,2709,0,-90.54597258,44.31236057
2710,0,2710,0,-92.67097257,41.01236059
2711,0,2711,0,-105.6709725,36.20402727
2712,0,2712,0,-79.59597262,37.7123606
2713,0,2713,0,-110.6793058,37.5873606
2714,0,2714,0,-78.00430596,35.54569394
2715,0,2715,0,-83.46263928,44.59569391
2716,0,2716,0,-81.31263928,36.16236061
2717,0,2717,0,-81.86263928,39.75402726
2718,0,2718,0,-90.06263925,29.68736063
2719,0,2719,0,-114.3043058,41.73736058
2720,0,2720,0,-94.26263923,41.26236059
2721,0,2721,0,-101.4626392,40.72902725
2722,0,2722,0,-111.9126392,32.52069395
2723,0,2723,0,-80.04597262,38.8373606
2724,0,2724,0,-121.2376391,41.58736058
2725,0,2725,0,-116.1793058,47.41236056
2726,0,2726,0,-77.2626393,41.08736059
2727,0,2727,0,-108.0876392,48.65402722
2728,0,2728,0,-92.81263924,46.07902723
2729,0,2729,0,-83.67097261,39.47069393
2730,0,2730,0,-83.12930594,35.92902727
2731,0,2731,0,-123.2293058,39.84569393
2732,0,2732,0,-103.0209725,48.60402722
2733,0,2733,0,-86.3959726,35.67069394
2734,0,2734,0,-112.7459725,37.74569393
2735,0,2735,0,-75.9876393,42.23736058
2736,0,2736,0,-118.2126391,44.02069391
2737,0,2737,0,-95.0543059,49.27069389
2738,0,2738,0,-100.6126392,43.92902724
2739,0,2739,0,-84.55430594,46.2706939
2740,0,2740,0,-75.52930597,37.92902727
2741,0,2741,0,-89.14597259,42.76236058
2742,0,2742,0,-110.8959725,38.24569393
2743,0,2743,0,-80.57097262,36.9123606
2744,0,2744,0,-86.3709726,32.04569396
2745,0,2745,0,-96.17097256,32.37902729
2746,0,2746,0,-74.48763931,43.10402725
2747,0,2747,0,-114.3959725,41.94569392
2748,0,2748,0,-103.8209725,35.98736061
2749,0,2749,0,-98.19597255,26.10402731
2750,0,2750,0,-98.09597255,42.37902725
2751,0,2751,0,-95.92097256,48.95402722
2752,0,2752,0,-80.65430595,26.77069398
2753,0,2753,0,-101.0709725,47.43736056
2754,0,2754,0,-97.84597255,43.70402724
2755,0,2755,0,-84.07930594,36.94569394
2756,0,2756,0,-121.8376391,38.3873606
2757,0,2757,0,-89.47097258,33.56236062
2758,0,2758,0,-87.52097259,35.62902728
2759,0,2759,0,-86.58763926,30.6290273
2760,0,2760,0,-77.95430596,39.42902726
2761,0,2761,0,-82.70430594,33.93736062
2762,0,2762,0,-82.36263928,36.49569394
2763,0,2763,0,-87.21263926,39.02069393
2764,0,2764,0,-103.2543059,34.06236061
2765,0,2765,0,-99.84597254,28.92069397
2766,0,2766,0,-111.5376392,42.92902725
2767,0,2767,0,-103.2043059,40.41236059
2768,0,2768,0,-94.94597256,32.88736062
2769,0,2769,0,-78.89597263,39.59569393
2770,0,2770,0,-114.1209725,44.27069391
2771,0,2771,0,-79.30430596,41.28736059
2772,0,2772,0,-113.3543058,37.50402727
2773,0,2773,0,-108.6959725,41.32902725
2774,0,2774,0,-94.69597256,42.23736058
2775,0,2775,0,-93.67097257,35.74569394
2776,0,2776,0,-84.08763927,32.64569395
2777,0,2777,0,-92.22097257,46.0206939
2778,0,2778,0,-97.57930589,46.1706939
2779,0,2779,0,-122.6709725,40.10402726
2780,0,2780,0,-92.60430591,45.57902724
2781,0,2781,0,-115.7793058,33.05402729
2782,0,2782,0,-100.8793059,41.53736059
2783,0,2783,0,-116.2959725,42.83736058
2784,0,2784,0,-118.7459725,36.53736061
2785,0,2785,0,-93.38763924,30.09569396
2786,0,2786,0,-117.2709725,48.52069389
2787,0,2787,0,-91.02930591,45.9206939
2788,0,2788,1,-80.34597262,25.60402732
2789,0,2789,0,-99.72930588,40.55402726
2790,0,2790,0,-123.0459725,40.89569392
2791,0,2791,0,-79.11263929,34.46236061
2792,0,2792,0,-101.9293059,43.58736058
2793,0,2793,0,-86.63763926,32.32902729
2794,0,2794,0,-102.8293059,36.42069394
2795,0,2795,0,-108.9209725,40.65402726
2796,0,2796,0,-76.82097263,40.82069392
2797,0,2797,0,-117.5709725,39.81236059
2798,0,2798,0,-118.1043058,37.55402727
2799,0,2799,0,-101.6459725,45.48736057
2800,0,2800,0,-109.7543058,42.33736058
2801,0,2801,1,-84.30430594,41.28736059
2802,0,2802,0,-94.27097257,38.10402727
2803,0,2803,0,-97.35430589,45.63736057
2804,0,2804,0,-86.56263926,30.41236063
2805,0,2805,0,-80.68763929,35.42069394
2806,0,2806,0,-99.69597254,42.84569391
2807,0,2807,0,-87.06263926,45.08736057
2808,0,2808,0,-101.8043059,41.62902725
2809,0,2809,0,-87.24597259,33.77069395
2810,0,2810,0,-85.80430593,33.11236062
2811,0,2811,0,-123.7293058,39.86236059
2812,0,2812,0,-109.2959725,35.38736061
2813,0,2813,0,-93.14597257,36.60402727
2814,0,2814,0,-113.8209725,32.82902729
2815,0,2815,0,-91.31263924,46.23736057
2816,0,2816,0,-103.2209725,36.30402727
2817,0,2817,0,-108.6793058,46.02902723
2818,0,2818,0,-101.1626392,46.95402723
2819,0,2819,0,-92.56263924,44.45402724
2820,0,2820,0,-88.50430592,40.83736059
2821,0,2821,0,-81.92930595,28.10402731
2822,0,2822,0,-87.90430592,36.38736061
2823,0,2823,0,-106.1126392,41.00402725
2824,0,2824,0,-113.1209725,43.09569391
2825,0,2825,0,-116.4209725,42.93736058
2826,0,2826,0,-82.25430595,36.45402727
2827,0,2827,0,-106.4876392,31.98736062
2828,0,2828,0,-97.95430588,29.0290273
2829,0,2829,0,-117.1876391,48.20402723
2830,0,2830,0,-88.29597259,36.8873606
2831,0,2831,0,-92.77097257,44.87902724
2832,0,2832,0,-107.7376392,34.98736061
2833,0,2833,0,-109.3126392,47.28736056
2834,0,2834,0,-102.4459725,48.07069389
2835,0,2835,0,-111.7043058,34.22902728
2836,0,2836,0,-106.1459725,36.72902727
2837,0,2837,0,-100.9626392,33.48736062
2838,0,2838,0,-118.0876391,37.47069393
2839,0,2839,0,-83.58763927,40.58736059
2840,0,2840,0,-113.8459725,38.54569393
2841,0,2841,0,-82.54597261,31.52069396
2842,0,2842,0,-69.854306,45.3706939
2843,0,2843,0,-94.54597256,41.17069392
2844,0,2844,0,-74.57930598,42.30402725
2845,0,2845,0,-118.8376391,36.02902727
2846,0,2846,0,-86.01263926,39.02069393
2847,0,2847,0,-105.1626392,47.93736056
2848,0,2848,0,-97.11263922,43.18736058
2849,0,2849,0,-115.4209725,48.17902723
2850,0,2850,0,-91.28763924,39.46236059
2851,0,2851,0,-105.8126392,45.42902724
2852,0,2852,0,-75.65430597,39.81236059
2853,0,2853,0,-108.8126392,44.01236058
2854,0,2854,0,-86.2709726,36.74569394
2855,0,2855,0,-122.0126391,38.57069393
2856,0,2856,0,-123.2126391,40.00402726
2857,0,2857,0,-85.56263927,37.4373606
2858,0,2858,0,-92.21263924,41.38736059
2859,0,2859,0,-97.88763922,43.54569391
2860,0,2860,0,-108.8709725,32.28736062
2861,0,2861,0,-72.92930598,43.24569391
2862,0,2862,0,-87.19597259,37.59569393
2863,0,2863,0,-99.11263921,36.36236061
2864,0,2864,0,-119.9543058,35.79569394
2865,0,2865,0,-80.18763929,38.82902726
2866,0,2866,0,-105.6709725,37.64569393
2867,0,2867,0,-72.52930599,44.12902724
2868,0,2868,1,-90.67097258,35.82069394
2869,0,2869,0,-88.15430592,33.36236062
2870,0,2870,0,-100.1626392,38.02902727
2871,0,2871,0,-105.3209725,43.27902724
2872,0,2872,0,-92.67097257,35.78736061
2873,0,2873,0,-123.5626391,48.07902723
2874,0,2874,0,-102.5626392,38.82902726
2875,0,2875,0,-119.7376391,39.63736059
2876,0,2876,0,-81.20430595,40.04569392
2877,0,2877,0,-92.49597257,45.9456939
2878,0,2878,0,-102.1709725,47.45402723
2879,0,2879,0,-120.7793058,38.3373606
2880,0,2880,0,-121.2376391,44.85402724
2881,0,2881,0,-103.5043059,37.99569393
2882,0,2882,0,-86.73763926,32.29569396
2883,0,2883,0,-104.0126392,35.76236061
2884,0,2884,0,-122.3126391,48.60402722
2885,0,2885,0,-100.5376392,42.82069391
2886,0,2886,0,-93.0293059,31.07902729
2887,0,2887,0,-112.0043058,33.69569395
2888,0,2888,0,-98.70430588,34.53736061
2889,0,2889,0,-111.5959725,39.42069393
2890,0,2890,0,-82.59597261,29.3040273
2891,0,2891,0,-92.52097257,41.92902725
2892,0,2892,0,-105.1209725,33.41236062
2893,0,2893,0,-123.3626391,44.78736057
2894,0,2894,0,-113.3043058,43.66236058
2895,0,2895,0,-76.72097264,36.90402727
2896,0,2896,0,-95.22930589,42.16236058
2897,0,2897,0,-90.65430591,37.52902727
2898,0,2898,1,-85.31263927,35.05402728
2899,0,2899,0,-81.05430595,34.71236061
2900,0,2900,0,-99.12930588,31.01236063
2901,0,2901,0,-93.47097257,45.81236057
2902,0,2902,0,-105.9709725,45.50402724
2903,0,2903,0,-96.35430589,34.56236061
2904,0,2904,0,-101.6376392,32.47069395
2905,0,2905,0,-107.0959725,34.86236061
2906,0,2906,0,-99.01263921,48.97069389
2907,0,2907,0,-108.7459725,37.99569393
2908,0,2908,0,-97.77097255,43.67902724
2909,0,2909,0,-89.40430592,38.09569393
2910,0,2910,0,-89.83763925,37.40402727
2911,0,2911,0,-103.8043059,35.18736061
2912,0,2912,0,-106.0459725,46.56236056
2913,0,2913,0,-100.1126392,28.28736064
2914,0,2914,0,-83.22930594,42.81236058
2915,0,2915,0,-105.1626392,41.49569392
2916,0,2916,0,-97.48763922,43.25402724
2917,0,2917,0,-76.4626393,36.62902727
2918,0,2918,0,-84.6959726,32.12069396
2919,0,2919,0,-111.8876392,43.89569391
2920,0,2920,0,-119.8043058,44.19569391
2921,0,2921,0,-107.3959725,33.72069395
2922,0,2922,0,-113.7126392,46.23736057
2923,0,2923,0,-114.2376392,36.34569394
2924,0,2924,0,-81.12097262,28.62069397
2925,0,2925,0,-88.22930592,42.46236058
2926,0,2926,0,-69.94597266,44.13736057
2927,0,2927,1,-82.00430595,41.46236059
2928,0,2928,0,-94.9793059,38.9123606
2929,0,2929,0,-97.94597255,39.28736059
2930,0,2930,0,-114.8543058,33.57902728
2931,0,2931,0,-96.90430589,29.93736063
2932,0,2932,0,-89.27097259,33.74569395
2933,0,2933,0,-90.22930591,30.28736063
2934,0,2934,0,-93.06263924,43.13736058
2935,0,2935,0,-105.0043059,35.97902727
2936,0,2936,0,-92.76263924,40.85402725
2937,0,2937,0,-123.4043058,47.77069389
2938,0,2938,0,-80.75430595,34.27069395
2939,0,2939,0,-89.55430592,37.12902727
2940,0,2940,0,-95.56263923,39.80402726
2941,0,2941,0,-83.84597261,40.74569392
2942,0,2942,0,-97.86263922,33.12902729
2943,0,2943,0,-93.76263923,48.12069389
2944,0,2944,0,-77.47930597,34.59569395
2945,0,2945,0,-92.47097257,29.9040273
2946,0,2946,0,-92.10430591,39.70402726
2947,0,2947,0,-88.44597259,43.11236058
2948,0,2948,0,-93.7043059,46.57902723
2949,0,2949,0,-111.7709725,36.33736061
2950,0,2950,0,-108.0043058,44.93736057
2951,0,2951,0,-88.59597259,30.5790273
2952,0,2952,0,-109.1626392,40.67902726
2953,0,2953,0,-81.32930595,33.83736062
2954,0,2954,0,-81.80430595,40.87069392
2955,0,2955,0,-102.4209725,39.16236059
2956,0,2956,0,-111.1543058,41.26236059
2957,0,2957,0,-111.6543058,34.58736061
2958,0,2958,0,-121.3543058,44.07069391
2959,0,2959,0,-101.1126392,34.96236061
2960,0,2960,0,-120.9709725,46.61236056
2961,0,2961,0,-86.80430593,45.9206939
2962,0,2962,0,-80.49597262,27.50402731
2963,0,2963,0,-100.3043059,42.27069392
2964,0,2964,0,-101.5959725,44.72902724
2965,0,2965,0,-84.07930594,31.57069396
2966,0,2966,0,-85.0959726,34.10402728
2967,0,2967,0,-90.38763925,45.98736057
2968,0,2968,0,-99.84597254,38.62902726
2969,0,2969,0,-109.8126392,40.27069392
2970,0,2970,0,-94.1043059,30.84569396
2971,0,2971,0,-115.8293058,35.34569394
2972,0,2972,0,-88.74597259,45.9956939
2973,0,2973,0,-105.5709725,41.64569392
2974,0,2974,0,-119.1876391,37.84569393
2975,0,2975,0,-81.88763928,31.39569396
2976,0,2976,0,-82.07930595,28.26236064
2977,0,2977,0,-99.99597254,48.65402722
2978,0,2978,0,-103.7709725,43.21236058
2979,0,2979,0,-111.6459725,32.57069395
2980,0,2980,0,-117.1209725,40.82902725
2981,0,2981,0,-99.41263921,36.47069394
2982,0,2982,0,-99.88763921,35.87902727
2983,0,2983,0,-83.21263928,39.17069393
2984,0,2984,0,-107.2709725,40.99569392
2985,0,2985,0,-106.5293058,38.6373606
2986,0,2986,1,-114.7709725,36.10402727
2987,0,2987,0,-108.4876392,45.2206939
2988,0,2988,0,-91.45430591,37.7373606
2989,0,2989,0,-98.96263921,48.26236056
2990,0,2990,0,-97.90430588,45.7456939
2991,0,2991,0,-112.2043058,44.63736057
2992,0,2992,0,-107.2709725,33.47069395
2993,0,2993,0,-80.29597262,41.71236058
2994,0,2994,0,-118.6293058,37.0873606
2995,0,2995,0,-101.6709725,30.3790273
2996,0,2996,0,-72.88763932,42.89569391
2997,0,2997,0,-105.9043059,43.33736058
2998,0,2998,0,-76.17097264,38.5373606
2999,0,2999,0,-93.3793059,40.72902725
3000,0,3000,0,-101.4293059,35.28736061
3001,0,3001,0,-108.3709725,41.32902725
3002,0,3002,0,-113.6709725,42.98736058
3003,0,3003,0,-102.2543059,43.81236058
3004,0,3004,0,-120.2376391,48.42902722
3005,0,3005,0,-96.23763922,47.1456939
3006,0,3006,0,-99.22930588,37.9623606
3007,0,3007,0,-120.1126391,34.68736061
3008,0,3008,0,-114.7209725,47.78736056
3009,0,3009,0,-102.6876392,33.00402729
3010,0,3010,0,-107.5293058,47.96236056
3011,0,3011,0,-122.1793058,38.5373606
3012,0,3012,0,-111.3126392,37.15402727
3013,0,3013,0,-85.20430593,30.58736063
3014,0,3014,0,-106.1709725,43.75402724
3015,0,3015,0,-119.2126391,44.19569391
3016,0,3016,0,-73.61263931,42.72902725
3017,0,3017,0,-113.7959725,40.26236059
3018,0,3018,0,-92.32930591,30.6290273
3019,0,3019,0,-92.74597257,32.62069395
3020,0,3020,0,-96.30430589,30.23736063
3021,0,3021,1,-122.2626391,38.2123606
3022,0,3022,0,-73.09597265,44.22069391
3023,0,3023,0,-118.7876391,45.01236057
3024,0,3024,0,-97.03763922,41.47069392
3025,0,3025,0,-74.72930598,44.79569391
3026,0,3026,0,-89.62097258,32.66236062
3027,0,3027,0,-87.58763926,30.3540273
3028,0,3028,0,-108.7293058,35.10402728
3029,0,3029,0,-108.7626392,44.76236057
3030,0,3030,0,-113.6543058,41.23736059
3031,0,3031,0,-96.52930589,36.02069394
3032,0,3032,0,-93.2293059,47.72902723
3033,0,3033,1,-122.4626391,41.91236058
3034,0,3034,0,-100.1543059,32.14569396
3035,0,3035,1,-77.35430597,37.60402727
3036,0,3036,0,-119.8626391,46.95402723
3037,0,3037,0,-116.1876391,41.90402725
3038,0,3038,0,-94.7293059,38.32902726
3039,0,3039,0,-117.8293058,40.09569392
3040,0,3040,0,-99.42930588,46.78736056
3041,0,3041,0,-85.1209726,44.61236057
3042,0,3042,0,-118.5126391,43.33736058
3043,0,3043,0,-100.2376392,46.47902723
3044,0,3044,0,-90.36263925,35.72069394
3045,0,3045,0,-100.1876392,44.64569391
3046,0,3046,0,-111.3709725,46.7206939
3047,0,3047,0,-90.07930592,34.50402728
3048,0,3048,0,-87.49597259,39.44569393
3049,0,3049,0,-107.0043058,32.29569396
3050,0,3050,0,-114.1126392,34.05402728
3051,0,3051,0,-69.14597267,44.82902724
3052,0,3052,0,-118.2209725,45.6956939
3053,0,3053,0,-93.66263923,33.16236062
3054,0,3054,0,-105.6876392,48.22069389
3055,0,3055,0,-110.8793058,37.04569394
3056,0,3056,0,-91.27097258,33.45402728
3057,0,3057,0,-95.07097256,38.44569393
3058,0,3058,0,-83.78763927,38.12069393
3059,0,3059,0,-69.154306,44.17069391
3060,0,3060,0,-105.1459725,34.16236061
3061,0,3061,0,-100.2293059,35.50402728
3062,0,3062,0,-116.9209725,42.54569391
3063,0,3063,0,-88.33763926,36.48736061
3064,0,3064,0,-94.8543059,40.57069392
3065,0,3065,0,-93.07097257,48.37902722
3066,0,3066,0,-89.50430592,32.74569395
3067,0,3067,0,-112.1709725,38.19569393
3068,0,3068,0,-81.74597262,38.20402727
3069,0,3069,1,-81.38763928,40.75402725
3070,0,3070,0,-96.81263922,28.5790273
3071,0,3071,0,-114.2793058,40.55402726
3072,0,3072,0,-109.3376392,43.74569391
3073,0,3073,0,-118.7043058,42.83736058
3074,0,3074,0,-102.3209725,31.92069396
3075,0,3075,0,-97.90430588,39.50402726
3076,0,3076,0,-100.9793059,41.37069392
3077,0,3077,0,-80.89597262,41.34569392
3078,0,3078,0,-107.9209725,43.45402724
3079,0,3079,0,-114.1376392,40.96236059
3080,0,3080,0,-100.4376392,30.21236063
3081,0,3081,0,-115.3209725,47.17902723
3082,0,3082,0,-119.4543058,48.46236056
3083,0,3083,0,-102.2209725,43.67902724
3084,0,3084,0,-109.4626392,34.28736061
3085,0,3085,0,-83.78763927,36.77069394
3086,0,3086,0,-99.59597254,32.76236062
3087,0,3087,0,-93.03763924,29.89569396
3088,0,3088,0,-103.6043059,47.10402723
3089,0,3089,0,-94.19597257,42.28736058
3090,0,3090,0,-92.82097257,35.17902728
3091,0,3091,0,-100.1709725,35.87902727
3092,0,3092,0,-96.87930589,31.42902729
3093,0,3093,0,-93.21263924,37.39569393
3094,0,3094,0,-119.5709725,42.55402725
3095,0,3095,0,-96.71263922,48.36236056
3096,0,3096,0,-95.13763923,36.31236061
3097,0,3097,0,-103.1043059,38.32069393
3098,0,3098,0,-78.65430596,37.42069393
3099,0,3099,0,-107.1876392,45.01236057
3100,0,3100,0,-102.2293059,46.68736056
3101,0,3101,0,-97.61263922,27.60402731
3102,0,3102,0,-79.93763929,41.29569392
3103,0,3103,0,-81.37930595,39.00402726
3104,0,3104,0,-77.3376393,38.24569393
3105,0,3105,0,-68.82097267,45.47902724
3106,0,3106,0,-112.7959725,33.33736062
3107,0,3107,0,-97.47097255,40.18736059
3108,0,3108,0,-77.9126393,35.41236061
3109,0,3109,0,-117.4709725,34.43736061
3110,0,3110,0,-96.02930589,36.43736061
3111,0,3111,0,-87.97930592,35.84569394
3112,0,3112,0,-105.7959725,36.12069394
3113,0,3113,0,-72.55430599,43.62902724
3114,0,3114,0,-96.82930589,47.40402723
3115,0,3115,0,-99.17930588,31.36236063
3116,0,3116,0,-80.67930595,26.92902731
3117,0,3117,0,-117.0709725,45.95402723
3118,0,3118,0,-115.0876391,46.37902723
3119,0,3119,0,-83.94597261,43.72069391
3120,0,3120,0,-80.95430595,36.62902727
3121,0,3121,0,-103.5793059,40.87069392
3122,0,3122,0,-115.9459725,40.35402726
3123,0,3123,0,-81.78763928,35.12902728
3124,0,3124,0,-113.1293058,47.15402723
3125,0,3125,0,-102.7126392,36.50402727
3126,0,3126,0,-111.4543058,42.90402725
3127,0,3127,0,-97.85430588,38.04569393
3128,0,3128,0,-111.0209725,36.04569394
3129,0,3129,0,-118.0626391,43.28736058
3130,0,3130,0,-116.1376391,46.65402723
3131,0,3131,0,-83.58763927,40.11236059
3132,0,3132,0,-103.8376392,37.99569393
3133,0,3133,0,-91.16263924,33.20402729
3134,0,3134,0,-106.4293058,46.4206939
3135,0,3135,0,-90.48763925,47.72902723
3136,0,3136,0,-99.09597255,27.21236064
3137,0,3137,0,-112.8209725,45.87902723
3138,0,3138,0,-113.0126392,44.54569391
3139,0,3139,0,-113.0376392,34.52902728
3140,0,3140,0,-88.10430592,34.15402728
3141,0,3141,0,-100.6043059,30.24569396
3142,0,3142,0,-120.2376391,45.76236057
3143,0,3143,0,-93.43763924,31.18736063
3144,0,3144,0,-85.7459726,33.99569395
3145,0,3145,0,-89.61263925,35.55402728
3146,0,3146,0,-93.96263923,29.9040273
3147,0,3147,0,-94.3043059,41.03736059
3148,0,3148,0,-73.23763932,41.13736059
3149,0,3149,0,-111.1626392,33.01236062
3150,0,3150,0,-88.68763925,31.19569396
3151,0,3151,0,-106.7126392,42.45402725
3152,0,3152,0,-94.03763923,43.78736058
3153,0,3153,0,-86.12930593,41.14569392
3154,0,3154,0,-113.4793058,36.9873606
3155,0,3155,0,-101.8709725,37.70402727
3156,0,3156,0,-78.1126393,35.89569394
3157,0,3157,0,-108.8293058,31.37069396
3158,0,3158,0,-102.3709725,42.57069391
3159,0,3159,0,-96.93763922,43.08736058
3160,0,3160,0,-124.2876391,47.62902723
3161,0,3161,0,-106.5709725,48.83736056
3162,0,3162,0,-94.21263923,36.48736061
3163,0,3163,0,-83.78763927,42.37069392
3164,0,3164,0,-114.2043058,40.12902726
3165,0,3165,0,-90.17930591,30.59569396
3166,0,3166,0,-90.15430591,41.32069392
3167,0,3167,0,-110.7959725,36.6373606
3168,0,3168,0,-111.3543058,38.00402727
3169,0,3169,0,-93.24597257,47.27902723
3170,0,3170,0,-96.70430589,31.55402729
3171,0,3171,0,-85.90430593,33.87902728
3172,0,3172,0,-80.18763929,39.91236059
3173,0,3173,0,-80.61263929,34.93736061
3174,0,3174,0,-101.8293059,40.12902726
3175,0,3175,0,-88.55430592,44.36236057
3176,0,3176,0,-117.6293058,48.62902722
3177,0,3177,0,-114.5459725,37.65402727
3178,0,3178,0,-94.22097257,42.43736058
3179,0,3179,0,-105.4626392,41.32902725
3180,0,3180,0,-101.8709725,44.47902724
3181,0,3181,0,-105.0209725,33.84569395
3182,0,3182,0,-104.3709725,36.5623606
3183,0,3183,0,-96.03763922,30.59569396
3184,0,3184,0,-111.4959725,38.29569393
3185,0,3185,0,-99.46263921,29.6290273
3186,0,3186,0,-121.4126391,46.53736057
3187,0,3187,0,-106.7876392,37.5873606
3188,0,3188,0,-104.9126392,36.27902727
3189,0,3189,0,-105.9293059,32.27069396
3190,0,3190,0,-87.75430592,36.08736061
3191,0,3191,0,-78.3876393,34.89569394
3192,0,3192,0,-79.27097263,37.22902727
3193,0,3193,0,-111.4043058,34.39569395
3194,0,3194,0,-100.4293059,45.22902724
3195,0,3195,0,-92.50430591,43.96236058
3196,0,3196,0,-107.5793058,43.17069391
3197,0,3197,0,-91.22930591,34.49569395
3198,0,3198,0,-107.0376392,42.22902725
3199,0,3199,0,-105.7626392,47.67069389
3200,0,3200,0,-75.91263931,38.9623606
3201,0,3201,0,-118.8876391,34.83736061
3202,0,3202,0,-111.0876392,35.42902728
3203,0,3203,0,-106.5543058,36.23736061
3204,0,3204,0,-78.30430596,34.64569395
3205,0,3205,0,-104.6043059,37.3623606
3206,0,3206,0,-104.6209725,43.88736058
3207,0,3207,0,-90.11263925,46.06236057
3208,0,3208,0,-113.1293058,40.08736059
3209,0,3209,0,-91.12097258,29.23736063
3210,0,3210,0,-82.82097261,35.60402728
3211,0,3211,0,-95.34597256,44.60402724
3212,0,3212,0,-85.5709726,39.22069393
3213,0,3213,0,-114.0959725,37.4623606
3214,0,3214,0,-94.96263923,38.20402727
3215,0,3215,0,-92.00430591,33.25402728
3216,0,3216,0,-96.87930589,41.50402725
3217,0,3217,0,-99.89597254,35.72069394
3218,0,3218,0,-108.8709725,43.77902724
3219,0,3219,0,-109.6959725,33.63736062
3220,0,3220,0,-82.00430595,29.51236063
3221,0,3221,1,-112.3376392,43.20402725
3222,0,3222,0,-89.98763925,45.0956939
3223,0,3223,0,-82.02930595,27.87069397
3224,0,3224,0,-109.8543058,47.02902723
3225,0,3225,0,-108.6209725,36.75402727
3226,0,3226,0,-100.4043059,30.44569396
3227,0,3227,0,-93.8543059,43.31236058
3228,0,3228,0,-97.16263922,30.0540273
3229,0,3229,0,-119.5459725,44.06236057
3230,0,3230,0,-101.0709725,42.98736058
3231,0,3231,0,-82.58763928,30.81236063
3232,0,3232,0,-101.9793059,31.02069396
3233,0,3233,0,-102.6043059,30.62069396
3234,0,3234,0,-122.6876391,48.03736056
3235,0,3235,0,-110.1376392,47.15402723
3236,0,3236,0,-102.1459725,44.14569391
3237,0,3237,0,-97.42097255,30.85402729
3238,0,3238,0,-99.17930588,41.97069392
3239,0,3239,0,-113.5543058,39.42069393
3240,0,3240,0,-96.72097256,31.05402729
3241,0,3241,0,-83.65430594,37.94569393
3242,0,3242,0,-104.6876392,36.97069394
3243,0,3243,0,-91.84597257,33.07069395
3244,0,3244,0,-96.08763922,30.41236063
3245,0,3245,0,-98.66263921,36.31236061
3246,0,3246,1,-86.20430593,39.77902726
3247,0,3247,0,-87.86263926,36.99569394
3248,0,3248,0,-106.2543059,44.47069391
3249,0,3249,0,-119.7959725,39.75402726
3250,0,3250,0,-88.93763925,37.02902727
3251,0,3251,0,-81.27097262,37.17069394
3252,0,3252,0,-71.55430599,44.62902724
3253,0,3253,0,-96.52930589,29.39569397
3254,0,3254,0,-112.7959725,42.26236058
3255,0,3255,0,-111.2543058,43.69569391
3256,0,3256,0,-100.1043059,29.27069397
3257,0,3257,0,-116.8793058,39.24569393
3258,0,3258,0,-94.17097257,33.42069395
3259,0,3259,0,-119.4209725,37.00402727
3260,0,3260,0,-109.1293058,44.00402724
3261,0,3261,0,-102.4293059,31.10402729
3262,0,3262,0,-107.5876392,46.83736056
3263,0,3263,0,-107.7543058,48.39569389
3264,0,3264,0,-119.1293058,40.04569392
3265,0,3265,0,-116.2709725,37.59569393
3266,0,3266,0,-107.5959725,37.04569394
3267,0,3267,0,-118.3959725,38.12902727
3268,0,3268,0,-93.07097257,32.31236062
3269,0,3269,0,-104.7876392,33.42902728
3270,0,3270,0,-88.01263926,45.8956939
3271,0,3271,0,-112.2793058,32.04569396
3272,0,3272,0,-104.2709725,40.57902726
3273,0,3273,0,-95.54597256,34.82069395
3274,0,3274,0,-78.30430596,35.43736061
3275,0,3275,0,-97.67930588,44.26236057
3276,0,3276,0,-112.3876392,46.91236056
3277,0,3277,0,-116.5459725,39.49569393
3278,0,3278,0,-91.03763924,43.87069391
3279,0,3279,0,-99.10430588,27.49569397
3280,0,3280,0,-95.52930589,43.82069391
3281,0,3281,0,-100.0459725,42.72069391
3282,0,3282,0,-78.1626393,39.42069393
3283,0,3283,0,-92.55430591,32.12902729
3284,0,3284,0,-105.8959725,39.51236059
3285,0,3285,0,-101.6376392,39.89569392
3286,0,3286,0,-101.7709725,39.12069393
3287,0,3287,0,-83.84597261,37.32902727
3288,0,3288,0,-88.65430592,38.52902726
3289,0,3289,0,-81.17097262,38.59569393
3290,0,3290,0,-85.1209726,31.16236063
3291,0,3291,0,-89.27930592,36.9873606
3292,0,3292,0,-95.75430589,32.48736062
3293,0,3293,0,-86.45430593,34.70402728
3294,0,3294,0,-102.7293059,44.90402724
3295,0,3295,0,-92.67097257,43.72902724
3296,0,3296,0,-93.54597257,32.62069395
3297,0,3297,0,-96.02097256,39.45402726
3298,0,3298,0,-89.92097258,44.27902724
3299,0,3299,0,-99.17930588,31.88736062
3300,0,3300,0,-93.86263923,38.87069393
3301,0,3301,0,-88.02097259,42.39569391
3302,0,3302,0,-112.9959725,43.62902724
3303,0,3303,0,-113.5293058,41.02069392
3304,0,3304,0,-105.5459725,39.12902726
3305,0,3305,0,-118.6959725,46.56236056
3306,0,3306,0,-87.02930593,33.23736062
3307,0,3307,0,-96.31263922,31.19569396
3308,0,3308,0,-82.64597261,37.70402727
3309,0,3309,0,-80.74597262,39.47902726
3310,0,3310,0,-79.77930596,40.35402726
3311,0,3311,0,-92.02930591,42.83736058
3312,0,3312,0,-124.1459724,47.80402723
3313,0,3313,0,-107.6793058,42.67902725
3314,0,3314,0,-115.9709725,36.46236061
3315,0,3315,0,-120.0959725,41.84569392
3316,0,3316,0,-113.4793058,33.33736062
3317,0,3317,0,-90.85430591,36.26236061
3318,0,3318,0,-106.5543058,38.54569393
3319,0,3319,0,-97.27097255,41.08736059
3320,0,3320,0,-88.62930592,44.70402724
3321,0,3321,0,-91.33763924,36.38736061
3322,0,3322,0,-114.9709725,44.82069391
3323,0,3323,0,-115.4876391,42.22069392
3324,0,3324,0,-93.74597257,43.20402725
3325,0,3325,0,-102.8626392,44.37069391
3326,0,3326,0,-111.1626392,45.8956939
3327,0,3327,0,-101.2793059,44.32069391
3328,0,3328,0,-100.3293059,45.38736057
3329,0,3329,0,-85.33763927,38.19569393
3330,0,3330,0,-70.49597266,45.5456939
3331,0,3331,0,-100.5626392,32.15402729
3332,0,3332,0,-98.53763921,39.62902726
3333,0,3333,0,-99.53763921,30.80402729
3334,0,3334,0,-104.4293059,29.66236063
3335,0,3335,0,-102.2876392,33.97069395
3336,0,3336,0,-93.51263923,42.81236058
3337,0,3337,0,-94.92097256,34.58736061
3338,0,3338,0,-107.3543058,45.86236057
3339,0,3339,0,-86.10430593,32.27069396
3340,0,3340,0,-90.10430592,42.23736058
3341,0,3341,0,-67.91263934,46.18736057
3342,0,3342,0,-110.3876392,38.5373606
3343,0,3343,1,-93.7793059,44.77069391
3344,0,3344,0,-86.45430593,32.39569395
3345,0,3345,0,-105.4376392,46.4206939
3346,0,3346,0,-105.5876392,34.68736061
3347,0,3347,0,-106.7876392,39.31236059
3348,0,3348,0,-97.35430589,31.73736062
3349,0,3349,0,-93.89597257,33.18736062
3350,0,3350,0,-80.59597262,32.47902729
3351,0,3351,0,-90.33763925,33.10402729
3352,0,3352,0,-81.01263928,26.65402731
3353,0,3353,0,-75.41263931,44.32902724
3354,0,3354,0,-104.2376392,44.67902724
3355,0,3355,0,-92.78763924,36.55402727
3356,0,3356,0,-77.3376393,38.35402726
3357,0,3357,0,-107.1876392,36.65402727
3358,0,3358,0,-115.4126391,33.99569395
3359,0,3359,0,-123.7209724,46.90402723
3360,0,3360,0,-82.42097261,32.69569395
3361,0,3361,0,-111.1293058,36.43736061
3362,0,3362,0,-109.6209725,40.01236059
3363,0,3363,0,-85.5209726,41.46236059
3364,0,3364,0,-75.71263931,43.76236058
3365,0,3365,0,-123.8209724,48.08736056
3366,0,3366,0,-121.0959725,40.83736059
3367,0,3367,0,-103.4043059,45.33736057
3368,0,3368,0,-94.14597257,40.87902725
3369,0,3369,0,-106.8209725,48.79569389
3370,0,3370,0,-121.7043058,40.18736059
3371,0,3371,0,-102.4043059,44.71236057
3372,0,3372,0,-96.37930589,41.27902725
3373,0,3373,0,-82.83763928,38.1373606
3374,0,3374,0,-107.4626392,33.09569395
3375,0,3375,0,-82.28763928,36.52902727
3376,0,3376,0,-122.5043058,44.00402724
3377,0,3377,0,-119.2376391,47.01236056
3378,0,3378,0,-116.9043058,35.90402727
3379,0,3379,0,-120.5043058,35.03736061
3380,0,3380,0,-99.82930588,28.18736064
3381,0,3381,0,-94.0793059,29.8040273
3382,0,3382,0,-97.25430589,34.34569395
3383,0,3383,0,-106.4126392,36.5623606
3384,0,3384,0,-117.1626391,40.72902725
3385,0,3385,0,-81.64597262,37.70402727
3386,0,3386,0,-107.3043058,42.27902725
3387,0,3387,0,-117.4043058,40.57069392
3388,0,3388,0,-108.3376392,43.98736058
3389,0,3389,0,-103.1709725,35.84569394
3390,0,3390,0,-108.9876392,45.96236057
3391,0,3391,0,-80.82930595,40.29569392
3392,0,3392,0,-85.0209726,44.40402724
3393,0,3393,0,-108.8709725,40.10402726
3394,0,3394,0,-97.13763922,47.3456939
3395,0,3395,0,-95.47930589,40.75402725
3396,0,3396,0,-120.4376391,43.80402724
3397,0,3397,0,-106.7293058,34.39569395
3398,0,3398,0,-107.0543058,44.72902724
3399,0,3399,0,-120.8126391,45.36236057
3400,0,3400,0,-94.4293059,30.84569396
3401,0,3401,0,-84.65430594,39.11236059
3402,0,3402,0,-119.3043058,47.44569389
3403,0,3403,0,-108.1209725,32.73736062
3404,0,3404,0,-103.7543059,38.7623606
3405,0,3405,0,-88.27930592,40.97902725
3406,0,3406,0,-87.87930592,33.57902728
3407,0,3407,0,-111.5293058,32.72902729
3408,0,3408,0,-119.6959725,35.36236061
3409,0,3409,0,-118.9209725,45.13736057
3410,0,3410,0,-92.93763924,48.29569389
3411,0,3411,0,-89.93763925,32.41236062
3412,0,3412,0,-114.8376391,39.63736059
3413,0,3413,0,-91.82097257,43.23736058
3414,0,3414,0,-89.89597258,34.53736061
3415,0,3415,0,-103.4376392,32.47069395
3416,0,3416,0,-98.62930588,39.34569393
3417,0,3417,0,-117.7293058,41.08736059
3418,0,3418,0,-79.62097262,34.40402728
3419,0,3419,0,-76.72930597,42.32902725
3420,0,3420,0,-72.23763932,44.82069391
3421,0,3421,0,-119.0376391,40.06236059
3422,0,3422,0,-105.0043059,37.97069393
3423,0,3423,0,-72.05430599,44.33736057
3424,0,3424,0,-111.9126392,36.7123606
3425,0,3425,0,-103.2543059,32.82902729
3426,0,3426,0,-91.04597258,34.25402728
3427,0,3427,0,-87.74597259,36.48736061
3428,0,3428,0,-111.4709725,46.62902723
3429,0,3429,0,-109.9876392,45.38736057
3430,0,3430,0,-101.6293059,33.39569395
3431,0,3431,0,-83.87097261,36.22902727
3432,0,3432,0,-92.86263924,37.0123606
3433,0,3433,0,-71.01263932,41.60402725
3434,0,3434,0,-90.40430591,34.62069395
3435,0,3435,0,-111.2376392,48.73736056
3436,0,3436,0,-92.39597257,37.24569394
3437,0,3437,0,-115.5793058,41.26236059
3438,0,3438,0,-101.4959725,35.12902728
3439,0,3439,0,-80.20430595,32.95402729
3440,0,3440,0,-89.71263925,46.31236057
3441,0,3441,0,-105.0876392,38.47902726
3442,0,3442,0,-118.5876391,45.42902724
3443,0,3443,0,-72.98763932,44.8956939
3444,0,3444,0,-88.16263926,41.42902725
3445,0,3445,0,-85.2709726,39.97069392
3446,0,3446,0,-98.69597255,46.3206939
3447,0,3447,0,-122.7293058,39.65402726
3448,0,3448,0,-100.5209725,30.91236063
3449,0,3449,0,-122.3293058,43.48736058
3450,0,3450,0,-89.46263925,34.33736061
3451,0,3451,0,-85.96263927,43.72069391
3452,0,3452,0,-116.5209725,42.22902725
3453,0,3453,0,-105.1209725,32.29569396
3454,0,3454,0,-104.2626392,31.60402729
3455,0,3455,0,-105.3626392,41.62069392
3456,0,3456,0,-116.5209725,33.65402728
3457,0,3457,0,-102.5626392,30.84569396
3458,0,3458,0,-121.7793058,44.50402724
3459,0,3459,0,-69.93763933,45.71236057
3460,0,3460,0,-78.86263929,37.34569394
3461,0,3461,0,-91.69597258,38.87069393
3462,0,3462,0,-115.2043058,35.06236061
3463,0,3463,0,-88.69597259,45.93736057
3464,0,3464,0,-81.87097261,39.62069393
3465,0,3465,0,-98.05430588,35.49569394
3466,0,3466,0,-107.5876392,39.06236059
3467,0,3467,0,-119.7959725,37.22902727
3468,0,3468,0,-80.46263929,38.12902727
3469,0,3469,0,-84.75430594,42.00402725
3470,0,3470,0,-114.9626391,46.2956939
3471,0,3471,0,-96.77930589,29.93736063
3472,0,3472,0,-73.22097265,41.30402725
3473,0,3473,0,-111.0709725,32.90402729
3474,0,3474,0,-82.77097261,43.21236058
3475,0,3475,0,-102.5293059,35.02902728
3476,0,3476,0,-103.0376392,35.81236061
3477,0,3477,0,-81.38763928,25.92902731
3478,0,3478,0,-68.03763934,46.03736057
3479,0,3479,0,-80.88763929,34.64569395
3480,0,3480,0,-101.9126392,43.03736058
3481,0,3481,0,-104.9376392,38.8623606
3482,0,3482,0,-94.81263923,31.99569396
3483,0,3483,0,-98.27097255,29.0540273
3484,0,3484,1,-73.76263931,41.02069392
3485,0,3485,0,-119.8209725,44.51236057
3486,0,3486,0,-122.9626391,40.31236059
3487,0,3487,0,-95.61263923,40.27069392
3488,0,3488,0,-101.7043059,36.30402727
3489,0,3489,0,-117.7126391,42.29569392
3490,0,3490,0,-87.08763926,33.37902728
3491,0,3491,0,-95.03763923,30.98736063
3492,0,3492,0,-104.1376392,33.27069395
3493,0,3493,0,-118.8293058,37.8623606
3494,0,3494,0,-102.7376392,41.66236058
3495,0,3495,0,-116.0876391,35.57069394
3496,0,3496,0,-109.1626392,39.26236059
3497,0,3497,0,-109.1626392,34.96236061
3498,0,3498,0,-89.90430592,34.14569395
3499,0,3499,0,-78.96263929,37.94569393
3500,0,3500,0,-103.8626392,35.38736061
3501,0,3501,0,-108.3126392,47.1206939
3502,0,3502,0,-89.69597258,40.44569392
3503,0,3503,0,-99.35430588,33.39569395
3504,0,3504,0,-110.8543058,36.90402727
3505,0,3505,0,-104.2543059,33.48736062
3506,0,3506,0,-103.6126392,47.0456939
3507,0,3507,0,-94.91263923,36.79569394
3508,0,3508,0,-95.16263923,36.13736061
3509,0,3509,0,-108.2209725,31.90402729
3510,0,3510,0,-97.65430588,48.92902722
3511,0,3511,0,-81.67097262,31.12069396
3512,0,3512,0,-119.6043058,35.17069394
3513,0,3513,0,-80.12097262,41.50402725
3514,0,3514,0,-95.21263923,48.34569389
3515,0,3515,0,-90.72097258,39.50402726
3516,0,3516,0,-114.4126392,32.40402729
3517,0,3517,0,-98.13763922,39.66236059
3518,0,3518,0,-78.90430596,41.41236059
3519,0,3519,0,-88.59597259,39.38736059
3520,0,3520,0,-113.3793058,38.40402726
3521,0,3521,0,-85.18763927,35.35402728
3522,0,3522,0,-110.6793058,32.82069395
3523,0,3523,0,-102.8126392,38.7123606
3524,0,3524,0,-103.2876392,38.14569393
3525,0,3525,0,-115.6126391,34.93736061
3526,0,3526,0,-93.63763923,47.3456939
3527,0,3527,0,-82.63763928,31.64569396
3528,0,3528,0,-93.53763923,36.01236061
3529,0,3529,0,-107.2459725,47.25402723
3530,0,3530,0,-92.02097257,44.52902724
3531,0,3531,0,-85.85430593,38.22902726
3532,0,3532,0,-83.52930594,36.7123606
3533,0,3533,0,-123.4376391,41.39569392
3534,0,3534,0,-114.0459725,42.81236058
3535,0,3535,0,-96.87097255,37.2123606
3536,0,3536,1,-117.0293058,32.75402729
3537,0,3537,0,-95.13763923,36.6623606
3538,0,3538,0,-99.97097254,28.34569397
3539,0,3539,1,-94.28763923,39.02902726
3540,0,3540,0,-92.20430591,46.4456939
3541,0,3541,0,-98.58763921,32.61236062
3542,0,3542,0,-90.33763925,33.75402728
3543,0,3543,0,-107.1126392,42.20402725
3544,0,3544,0,-108.3043058,34.55402728
3545,0,3545,0,-81.82930595,28.4040273
3546,0,3546,0,-86.3459726,34.68736061
3547,0,3547,0,-91.95430591,45.71236057
3548,0,3548,1,-96.84597255,32.56236062
3549,0,3549,0,-100.3793059,31.90402729
3550,0,3550,0,-83.02097261,35.26236061
3551,0,3551,0,-98.93763921,46.67902723
3552,0,3552,0,-114.2043058,33.55402728
3553,0,3553,0,-102.0876392,42.59569391
3554,0,3554,0,-103.0293059,37.49569393
3555,0,3555,0,-76.4626393,35.04569394
3556,0,3556,0,-91.26263924,45.07902724
3557,0,3557,0,-87.12930593,31.59569396
3558,0,3558,0,-95.87930589,48.92069389
3559,0,3559,0,-117.1876391,41.02902725
3560,0,3560,0,-107.8793058,47.38736056
3561,0,3561,0,-95.89597256,31.54569396
3562,0,3562,0,-122.6043058,43.22902724
3563,0,3563,0,-121.6293058,36.60402727
3564,0,3564,0,-92.00430591,46.01236057
3565,0,3565,0,-81.47930595,32.25402729
3566,0,3566,0,-85.01263927,43.89569391
3567,0,3567,0,-121.2376391,45.90402723
3568,0,3568,0,-113.1376392,47.47069389
3569,0,3569,0,-92.07930591,33.00402729
3570,0,3570,0,-104.6709725,43.96236058
3571,0,3571,0,-90.27097258,38.17902727
3572,0,3572,0,-69.31263933,47.37902723
3573,0,3573,0,-105.1376392,38.52902726
3574,0,3574,0,-89.04597259,39.57069393
3575,0,3575,0,-123.4793058,47.84569389
3576,0,3576,0,-81.65430595,36.80402727
3577,0,3577,0,-123.2293058,46.76236056
3578,0,3578,0,-104.1293059,37.69569393
3579,0,3579,0,-93.07097257,32.09569396
3580,0,3580,0,-86.06263926,33.31236062
3581,0,3581,0,-111.0959725,34.69569395
3582,0,3582,0,-102.2126392,36.7623606
3583,0,3583,0,-83.01263928,37.29569394
3584,0,3584,0,-101.2543059,34.90402728
3585,0,3585,0,-121.3543058,36.95402727
3586,0,3586,0,-103.8543059,35.57902728
3587,0,3587,0,-82.52930595,37.29569394
3588,0,3588,0,-90.48763925,39.20402726
3589,0,3589,0,-119.8959725,44.47069391
3590,0,3590,0,-89.17097259,36.94569394
3591,0,3591,0,-75.79597264,37.57069393
3592,0,3592,0,-92.9793059,31.74569396
3593,0,3593,0,-96.52097256,35.77069394
3594,0,3594,0,-101.3043059,42.97069391
3595,0,3595,0,-80.45430595,37.9123606
3596,0,3596,0,-104.9043059,39.55402726
3597,0,3597,0,-97.45430589,37.97902727
3598,0,3598,0,-89.62097258,43.11236058
3599,0,3599,0,-92.56263924,31.62902729
3600,0,3600,0,-81.47930595,41.55402725
3601,0,3601,0,-97.16263922,47.18736056
3602,0,3602,0,-112.8876392,42.42902725
3603,0,3603,0,-109.6376392,35.32069394
3604,0,3604,0,-101.6043059,34.11236061
3605,0,3605,0,-106.7459725,32.53736062
3606,0,3606,0,-76.69597264,35.27902728
3607,0,3607,0,-98.76263921,38.47902726
3608,0,3608,0,-92.32930591,47.83736056
3609,0,3609,0,-81.07097262,33.19569395
3610,0,3610,0,-98.52930588,40.38736059
3611,0,3611,0,-117.6959725,46.6206939
3612,0,3612,0,-103.4959725,42.43736058
3613,0,3613,0,-115.0793058,44.60402724
3614,0,3614,0,-92.56263924,41.41236059
3615,0,3615,0,-111.2126392,40.52069392
3616,0,3616,0,-123.8459724,40.07069392
3617,0,3617,0,-103.2293059,29.69569397
3618,0,3618,0,-89.21263925,33.78736062
3619,0,3619,0,-113.7376392,32.88736062
3620,0,3620,0,-118.3793058,44.08736057
3621,0,3621,0,-91.59597258,30.97902729
3622,0,3622,0,-98.45430588,26.42902731
3623,0,3623,0,-107.2293058,44.80402724
3624,0,3624,0,-95.29597256,46.37902723
3625,0,3625,0,-85.90430593,42.65402725
3626,0,3626,0,-84.07097261,32.54569395
3627,0,3627,0,-84.55430594,32.22069396
3628,0,3628,0,-98.35430588,29.8540273
3629,0,3629,0,-83.67930594,45.9456939
3630,0,3630,0,-70.48763933,44.18736057
3631,0,3631,0,-123.6959724,41.04569392
3632,0,3632,0,-115.3376391,41.33736059
3633,0,3633,0,-75.82930597,41.69569392
3634,0,3634,0,-100.8959725,46.41236057
3635,0,3635,0,-76.37930597,39.97069392
3636,0,3636,0,-94.0293059,47.0706939
3637,0,3637,0,-83.78763927,38.4373606
3638,0,3638,0,-76.82097263,36.62069394
3639,0,3639,0,-90.99597258,31.17069396
3640,0,3640,0,-115.6543058,32.88736062
3641,0,3641,0,-94.39597256,41.49569392
3642,0,3642,0,-105.6959725,31.72902729
3643,0,3643,0,-113.9459725,40.57069392
3644,0,3644,0,-100.0959725,48.98736056
3645,0,3645,0,-109.1209725,33.39569395
3646,0,3646,0,-96.97930589,42.77902725
3647,0,3647,0,-92.17097257,48.02069389
3648,0,3648,0,-116.1376391,33.50402728
3649,0,3649,0,-93.7043059,44.91236057
3650,0,3650,0,-85.17930593,31.79569396
3651,0,3651,0,-89.16263925,34.66236061
3652,0,3652,0,-92.47930591,29.79569397
3653,0,3653,0,-88.43763926,41.01236059
3654,0,3654,0,-95.48763923,28.9540273
3655,0,3655,0,-97.86263922,32.45402729
3656,0,3656,0,-82.97930594,35.86236061
3657,0,3657,0,-81.07097262,36.69569394
3658,0,3658,0,-119.1959725,38.70402726
3659,0,3659,0,-89.32930592,41.24569392
3660,0,3660,0,-118.0626391,38.1123606
3661,0,3661,0,-112.6876392,45.38736057
3662,0,3662,0,-78.34597263,40.78736059
3663,0,3663,0,-94.4793059,34.83736061
3664,0,3664,0,-87.52097259,41.17069392
3665,0,3665,0,-103.9126392,41.92069392
3666,0,3666,0,-96.26263922,43.21236058
3667,0,3667,0,-83.92930594,40.78736059
3668,0,3668,0,-91.53763924,38.60402726
3669,0,3669,0,-123.0293058,45.38736057
3670,0,3670,0,-120.6209725,38.4623606
3671,0,3671,0,-106.4293058,39.35402726
3672,0,3672,0,-96.36263922,39.23736059
3673,0,3673,0,-92.52097257,38.55402726
3674,0,3674,0,-99.94597254,45.1456939
3675,0,3675,0,-121.0126391,41.78736058
3676,0,3676,0,-81.49597262,34.48736061
3677,0,3677,0,-99.53763921,33.70402728
3678,0,3678,0,-80.87930595,28.6790273
3679,0,3679,0,-97.54597255,31.02069396
3680,0,3680,0,-94.0543059,39.77069393
3681,0,3681,0,-85.5959726,37.45402727
3682,0,3682,0,-86.97097259,37.4623606
3683,0,3683,0,-100.4376392,45.93736057
3684,0,3684,0,-99.49597254,32.75402729
3685,0,3685,0,-121.0126391,37.17902727
3686,0,3686,0,-82.41263928,38.9623606
3687,0,3687,0,-94.5543059,44.87069391
3688,0,3688,0,-96.16263922,30.83736063
3689,0,3689,0,-123.6126391,46.67902723
3690,0,3690,0,-89.42097258,45.8206939
3691,0,3691,0,-108.3293058,39.44569393
3692,0,3692,0,-121.1126391,43.55402724
3693,0,3693,0,-99.20430588,42.93736058
3694,0,3694,0,-114.3876392,34.89569394
3695,0,3695,0,-110.0959725,45.18736057
3696,0,3696,0,-118.4209725,40.53736059
3697,0,3697,0,-88.62930592,36.03736061
3698,0,3698,0,-68.66263933,44.52902724
3699,0,3699,0,-97.13763922,30.4290273
3700,0,3700,0,-96.23763922,37.70402727
3701,0,3701,0,-111.7126392,34.69569395
3702,0,3702,0,-118.1959725,45.70402724
3703,0,3703,0,-94.53763923,33.17902729
3704,0,3704,0,-81.30430595,33.42069395
3705,0,3705,0,-100.1043059,31.37902729
3706,0,3706,0,-75.52097264,42.31236058
3707,0,3707,0,-95.75430589,38.87069393
3708,0,3708,0,-112.3459725,48.42902722
3709,0,3709,0,-86.41263926,46.2456939
3710,0,3710,0,-115.0459725,42.46236058
3711,0,3711,0,-118.4293058,47.21236056
3712,0,3712,0,-86.60430593,41.66236058
3713,0,3713,0,-104.8209725,36.02069394
3714,0,3714,0,-105.7543059,35.62902728
3715,0,3715,0,-81.96263928,37.3123606
3716,0,3716,0,-120.8709725,44.9206939
3717,0,3717,0,-113.4876392,43.85402724
3718,0,3718,0,-116.6209725,45.2956939
3719,0,3719,0,-107.0709725,37.17069394
3720,0,3720,0,-112.2293058,44.42069391
3721,0,3721,0,-111.6793058,48.22902722
3722,0,3722,0,-117.0293058,34.45402728
3723,0,3723,0,-78.57097263,41.71236058
3724,0,3724,0,-123.6126391,47.21236056
3725,0,3725,0,-117.0876391,37.24569394
3726,0,3726,0,-111.2876392,39.76236059
3727,0,3727,0,-90.91263925,30.52069396
3728,0,3728,0,-116.4126391,40.43736059
3729,0,3729,0,-116.4709725,40.58736059
3730,0,3730,0,-113.5709725,42.21236058
3731,0,3731,0,-103.0543059,31.57902729
3732,0,3732,0,-84.43763927,37.65402727
3733,0,3733,0,-101.3293059,48.30402722
3734,0,3734,0,-111.0043058,34.33736061
3735,0,3735,0,-79.03763929,34.78736061
3736,0,3736,0,-75.51263931,44.22069391
3737,0,3737,0,-101.0293059,32.39569395
3738,0,3738,0,-123.0376391,43.70402724
3739,0,3739,0,-121.9043058,48.02902723
3740,0,3740,0,-96.28763922,38.2873606
3741,0,3741,0,-85.73763927,31.18736063
3742,0,3742,0,-104.3209725,45.72902723
3743,0,3743,0,-114.6876392,43.02069391
3744,0,3744,0,-119.5709725,44.75402724
3745,0,3745,0,-92.67097257,34.05402728
3746,0,3746,0,-93.14597257,46.08736057
3747,0,3747,0,-113.6126392,48.11236056
3748,0,3748,0,-119.1793058,48.47069389
3749,0,3749,0,-96.18763922,45.85402723
3750,0,3750,0,-88.97097259,35.30402728
3751,0,3751,0,-84.72930594,43.90402724
3752,0,3752,0,-123.3459724,46.7206939
3753,0,3753,0,-110.1626392,41.97902725
3754,0,3754,0,-89.61263925,38.57069393
3755,0,3755,0,-105.9459725,34.25402728
3756,0,3756,0,-101.8126392,35.50402728
3757,0,3757,0,-88.57097259,44.54569391
3758,0,3758,0,-109.8626392,35.10402728
3759,0,3759,0,-110.2793058,41.13736059
3760,0,3760,0,-91.76263924,41.70402725
3761,0,3761,0,-99.12097255,33.48736062
3762,0,3762,0,-78.3626393,37.24569394
3763,0,3763,0,-111.3543058,34.06236061
3764,0,3764,0,-121.7209725,44.60402724
3765,0,3765,0,-106.4709725,37.19569394
3766,0,3766,0,-83.83763927,33.27902728
3767,0,3767,0,-96.95430589,41.65402725
3768,0,3768,0,-90.82930591,40.57902726
3769,0,3769,0,-104.2626392,42.58736058
3770,0,3770,0,-86.0709726,42.04569392
3771,0,3771,0,-76.87097263,40.00402726
3772,0,3772,0,-105.9876392,31.92902729
3773,0,3773,0,-112.8876392,43.22069391
3774,0,3774,0,-81.46263928,28.07069397
3775,0,3775,0,-69.854306,45.7956939
3776,0,3776,0,-79.36263929,37.1623606
3777,0,3777,0,-103.7959725,45.0706939
3778,0,3778,0,-110.6626392,35.27069394
3779,0,3779,0,-90.18763925,43.87902724
3780,0,3780,0,-100.2376392,42.47902725
3781,0,3781,0,-76.04597264,42.30402725
3782,0,3782,0,-84.17097261,45.98736057
3783,0,3783,0,-101.9793059,41.89569392
3784,0,3784,0,-77.04597263,37.27902727
3785,0,3785,0,-80.12097262,34.90402728
3786,0,3786,0,-96.56263922,39.0123606
3787,0,3787,0,-93.47097257,33.52902728
3788,0,3788,0,-82.83763928,43.97069391
3789,0,3789,0,-93.47097257,42.81236058
3790,0,3790,0,-114.1126392,43.05402725
3791,0,3791,0,-119.6626391,34.67069395
3792,0,3792,0,-92.6793059,40.47902726
3793,0,3793,0,-106.8126392,41.07902725
3794,0,3794,0,-84.8709726,35.89569394
3795,0,3795,0,-100.0293059,35.44569394
3796,0,3796,0,-111.8626392,41.79569392
3797,0,3797,0,-114.5626392,33.62069395
3798,0,3798,0,-95.36263923,38.8873606
3799,0,3799,0,-97.81263922,45.10402724
3800,0,3800,0,-114.0293058,37.67069393
3801,0,3801,0,-97.48763922,26.63736064
3802,0,3802,0,-98.56263921,43.62902724
3803,0,3803,0,-119.0293058,44.71236057
3804,0,3804,0,-96.78763922,42.16236058
3805,0,3805,0,-115.0959725,32.92902729
3806,0,3806,0,-104.0459725,42.36236058
3807,0,3807,0,-105.0709725,44.43736057
3808,0,3808,0,-98.63763921,34.46236061
3809,0,3809,0,-91.32930591,38.5373606
3810,0,3810,0,-111.8626392,36.38736061
3811,0,3811,0,-116.4959725,38.4623606
3812,0,3812,0,-103.0793059,48.01236056
3813,0,3813,0,-105.0543059,37.62902727
3814,0,3814,0,-106.3376392,39.96236059
3815,0,3815,0,-91.73763924,31.80402729
3816,0,3816,0,-84.05430594,34.13736061
3817,0,3817,0,-102.9543059,40.13736059
3818,0,3818,0,-95.0543059,41.93736058
3819,0,3819,0,-95.86263923,30.0040273
3820,0,3820,0,-80.11263929,33.28736062
3821,0,3821,0,-92.51263924,46.47902723
3822,0,3822,0,-92.50430591,47.92069389
3823,0,3823,0,-84.5709726,45.5706939
3824,0,3824,0,-104.1709725,32.70402729
3825,0,3825,0,-81.64597262,33.07902729
3826,0,3826,0,-102.9876392,41.11236059
3827,0,3827,0,-93.6043059,30.5290273
3828,0,3828,0,-122.8543058,42.12902725
3829,0,3829,0,-89.21263925,46.86236056
3830,0,3830,0,-72.92097265,42.96236058
3831,0,3831,0,-81.48763928,29.5290273
3832,0,3832,0,-111.0376392,44.12069391
3833,0,3833,0,-110.7709725,34.22069395
3834,0,3834,0,-77.3626393,38.7373606
3835,0,3835,0,-96.47930589,39.31236059
3836,0,3836,0,-82.52097261,34.19569395
3837,0,3837,0,-85.7709726,41.92902725
3838,0,3838,0,-120.0709725,36.57069394
3839,0,3839,0,-114.8543058,35.22902728
3840,0,3840,0,-114.8543058,36.32902727
3841,0,3841,0,-114.0126392,43.47902724
3842,0,3842,0,-115.8626391,47.05402723
3843,0,3843,0,-95.18763923,32.27069396
3844,0,3844,0,-92.64597257,39.50402726
3845,0,3845,0,-106.3626392,47.02902723
3846,0,3846,0,-83.63763927,30.64569396
3847,0,3847,0,-111.4876392,40.88736059
3848,0,3848,0,-104.1293059,42.05402725
3849,0,3849,0,-100.4293059,43.29569391
3850,0,3850,0,-95.65430589,47.44569389
3851,0,3851,0,-85.32930593,44.69569391
3852,0,3852,0,-101.1293059,42.38736058
3853,0,3853,0,-74.39597264,44.88736057
3854,0,3854,0,-102.2459725,30.76236063
3855,0,3855,0,-123.3293058,47.80402723
3856,0,3856,0,-108.2959725,38.99569393
3857,0,3857,0,-82.62097261,36.00402727
3858,0,3858,0,-113.4459725,40.46236059
3859,0,3859,0,-114.4793058,44.54569391
3860,0,3860,0,-116.8043058,37.17902727
3861,0,3861,1,-94.3293059,36.17902727
3862,0,3862,0,-108.8793058,38.2873606
3863,0,3863,0,-71.10430599,41.94569392
3864,0,3864,0,-107.8543058,41.37902725
3865,0,3865,0,-86.2959726,43.37902724
3866,0,3866,0,-75.81263931,42.11236058
3867,0,3867,0,-98.03763922,39.07069393
3868,0,3868,0,-116.5793058,41.02902725
3869,0,3869,0,-110.7959725,37.70402727
3870,0,3870,0,-103.6459725,34.77069395
3871,0,3871,0,-108.7543058,46.66236056
3872,0,3872,0,-108.6293058,44.47902724
3873,0,3873,0,-121.3459725,42.88736058
3874,0,3874,0,-110.4459725,33.57902728
3875,0,3875,0,-83.19597261,29.5540273
3876,0,3876,0,-111.5126392,39.57069393
3877,0,3877,0,-108.1043058,33.77069395
3878,0,3878,0,-114.8209725,37.92902727
3879,0,3879,0,-91.68763924,38.3123606
3880,0,3880,0,-100.0709725,41.08736059
3881,0,3881,0,-92.27930591,33.04569395
3882,0,3882,0,-92.53763924,33.74569395
3883,0,3883,0,-115.7959725,35.35402728
3884,0,3884,0,-112.0209725,33.79569395
3885,0,3885,0,-110.8376392,41.00402725
3886,0,3886,0,-110.3209725,36.37069394
3887,0,3887,0,-99.07930588,27.54569397
3888,0,3888,0,-85.76263927,35.66236061
3889,0,3889,0,-104.2293059,31.90402729
3890,0,3890,0,-122.9876391,39.87902726
3891,0,3891,0,-94.81263923,47.28736056
3892,0,3892,0,-90.02097258,33.96236062
3893,0,3893,0,-87.92930592,46.35402723
3894,0,3894,0,-102.1209725,43.47069391
3895,0,3895,0,-107.4709725,32.87069395
3896,0,3896,0,-90.07930592,39.57902726
3897,0,3897,0,-110.0126392,44.72902724
3898,0,3898,0,-77.32097263,38.82902726
3899,0,3899,0,-110.3209725,45.07902724
3900,0,3900,0,-83.34597261,38.22069393
3901,0,3901,0,-102.3793059,30.08736063
3902,0,3902,0,-103.4459725,37.10402727
3903,0,3903,0,-106.3626392,38.7873606
3904,0,3904,0,-79.34597262,35.96236061
3905,0,3905,0,-107.6043058,34.26236061
3906,0,3906,0,-83.17097261,40.42902726
3907,0,3907,0,-119.9293058,35.24569394
3908,0,3908,0,-84.17097261,33.61236062
3909,0,3909,0,-97.04597255,39.91236059
3910,0,3910,0,-112.9626392,44.33736057
3911,0,3911,0,-101.0709725,34.53736061
3912,0,3912,0,-97.94597255,27.81236064
3913,0,3913,0,-118.4459725,41.86236058
3914,0,3914,0,-98.70430588,44.52902724
3915,0,3915,0,-104.5293059,33.22902728
3916,0,3916,0,-99.85430588,40.23736059
3917,0,3917,0,-86.3209726,36.6373606
3918,0,3918,0,-104.9543059,43.37069391
3919,0,3919,0,-115.1293058,39.81236059
3920,0,3920,0,-90.07097258,36.64569394
3921,0,3921,0,-100.7709725,37.80402727
3922,0,3922,0,-115.8543058,37.0623606
3923,0,3923,0,-86.28763926,36.8623606
3924,0,3924,0,-88.25430592,39.10402726
3925,0,3925,0,-99.67097254,28.84569397
3926,0,3926,0,-112.4793058,48.35402722
3927,0,3927,0,-89.62097258,36.75402727
3928,0,3928,0,-85.5709726,41.45402725
3929,0,3929,0,-70.54597266,43.87902724
3930,0,3930,0,-88.35430592,33.17902729
3931,0,3931,0,-87.04597259,33.26236062
3932,0,3932,0,-93.41263924,33.16236062
3933,0,3933,0,-117.9459725,46.7206939
3934,0,3934,0,-97.08763922,48.76236056
3935,0,3935,0,-102.6709725,43.52902724
3936,0,3936,0,-93.3043059,39.52069393
3937,0,3937,0,-93.29597257,32.80402729
3938,0,3938,0,-81.49597262,31.62902729
3939,0,3939,0,-91.35430591,42.40402725
3940,0,3940,0,-82.83763928,31.72069396
3941,0,3941,0,-85.05430594,32.73736062
3942,0,3942,0,-86.35430593,31.83736062
3943,0,3943,0,-84.96263927,41.93736058
3944,0,3944,0,-105.8959725,46.15402723
3945,0,3945,0,-92.77097257,31.14569396
3946,0,3946,0,-83.62930594,44.8956939
3947,0,3947,0,-102.3543059,35.28736061
3948,0,3948,0,-93.09597257,31.77902729
3949,0,3949,0,-97.03763922,31.10402729
3950,0,3950,0,-101.5543059,43.83736058
3951,0,3951,0,-94.78763923,48.95402722
3952,0,3952,0,-121.1876391,39.71236059
3953,0,3953,0,-95.77097256,31.95402729
3954,0,3954,0,-97.17930589,31.20402729
3955,0,3955,0,-107.2959725,35.72069394
3956,0,3956,0,-112.7626392,33.17069395
3957,0,3957,0,-120.6543058,41.57069392
3958,0,3958,0,-102.6876392,36.08736061
3959,0,3959,0,-69.629306,46.7706939
3960,0,3960,1,-75.22930597,39.80402726
3961,0,3961,0,-76.97097263,38.10402727
3962,0,3962,0,-121.6459725,46.72902723